student_id,department,level,semester,num_courses,avg_score,prev_avg_score,score_trend,score_std,failed_courses,gpa,pass_rate,attendance_rate,study_hours_per_week,performance_label
STU1001,Medicine,200,Second,4,71.0,68.68,2.32,5.43,0,4.33,100.0,74.21,5.05,Excellent
STU1002,Medicine,400,First,4,74.0,76.99,-2.99,1.0,0,5.0,100.0,60.5,4.1,Excellent
STU1003,Engineering,400,Second,6,76.83,77.87,-1.04,5.76,0,5.0,100.0,90.13,3.21,Excellent
STU1004,Medicine,400,First,5,79.6,81.9,-2.3,9.56,0,4.8,100.0,84.53,7.5,Excellent
STU1005,Arts,400,First,6,80.5,86.0,-5.5,2.63,0,5.0,100.0,75.67,2.78,Excellent
STU1006,Medicine,200,First,7,53.86,59.07,-5.21,11.7,1,2.91,85.71,71.99,0.43,Average
STU1007,Medicine,100,First,4,69.5,76.36,-6.86,4.39,0,4.33,100.0,81.47,4.71,Excellent
STU1008,Business,200,Second,4,36.25,34.15,2.1,0.83,4,0.0,0.0,66.65,0.0,At-Risk
STU1009,Business,100,First,6,68.33,74.04,-5.71,9.07,0,4.2,100.0,78.55,2.49,Excellent
STU1010,Medicine,300,Second,4,50.5,52.66,-2.16,2.18,0,2.69,100.0,60.63,3.74,Average
STU1011,Computer Science,100,First,6,77.5,78.8,-1.3,5.12,0,5.0,100.0,65.83,5.32,Excellent
STU1012,Business,100,Second,7,49.0,52.85,-3.85,8.12,2,2.14,71.43,65.09,0.86,Average
STU1013,Business,400,First,7,61.29,64.42,-3.13,4.43,0,3.42,100.0,72.95,7.44,Average
STU1014,Engineering,300,Second,7,43.43,31.84,11.59,7.19,2,1.68,71.43,66.51,1.34,At-Risk
STU1015,Law,400,Second,7,60.14,61.66,-1.52,6.42,0,3.46,100.0,84.65,2.45,Good
STU1016,Medicine,100,First,7,76.86,74.5,2.36,7.0,0,4.82,100.0,88.76,2.62,Excellent
STU1017,Engineering,200,First,7,51.86,48.0,3.86,5.79,0,2.55,100.0,68.16,0.06,Average
STU1018,Medicine,100,Second,7,59.14,59.04,0.1,10.62,0,3.81,100.0,73.23,6.17,Good
STU1019,Business,400,First,6,63.33,68.49,-5.16,10.37,0,3.44,100.0,84.86,4.27,Average
STU1020,Arts,200,First,6,51.5,59.27,-7.77,3.3,0,2.88,100.0,87.9,1.42,Average
STU1021,Computer Science,300,First,7,63.71,71.47,-7.76,6.16,0,4.06,100.0,72.21,5.98,Average
STU1022,Law,100,First,4,67.25,72.58,-5.33,3.42,0,4.3,100.0,72.77,7.11,Average
STU1023,Engineering,100,First,7,58.86,57.69,1.17,7.08,0,3.4,100.0,71.77,4.69,Good
STU1024,Engineering,400,Second,6,79.0,78.91,0.09,4.36,0,5.0,100.0,81.71,3.54,Excellent
STU1025,Law,400,Second,6,42.5,44.45,-1.95,10.4,2,1.35,66.67,69.74,2.63,At-Risk
STU1026,Engineering,400,Second,7,31.43,26.23,5.2,7.59,6,0.38,14.29,61.63,2.29,At-Risk
STU1027,Engineering,300,First,4,67.25,70.75,-3.5,7.79,0,4.69,100.0,86.32,6.45,Average
STU1028,Arts,100,Second,7,66.0,63.75,2.25,7.86,0,4.05,100.0,78.95,4.31,Good
STU1029,Law,100,Second,4,61.25,73.95,-12.7,10.94,0,3.22,100.0,87.83,3.4,Average
STU1030,Law,400,Second,6,50.33,59.86,-9.53,12.81,1,2.37,83.33,69.97,3.36,Average
STU1031,Medicine,400,Second,5,29.6,20.78,8.82,9.93,4,0.17,20.0,47.25,4.65,At-Risk
STU1032,Arts,200,First,6,66.5,69.06,-2.56,7.07,0,4.17,100.0,74.01,1.02,Good
STU1033,Arts,200,Second,4,57.75,61.75,-4.0,9.04,0,3.45,100.0,77.38,3.41,Average
STU1034,Arts,200,Second,7,68.43,74.38,-5.95,4.5,0,4.39,100.0,71.19,5.1,Excellent
STU1035,Medicine,300,Second,4,83.25,90.2,-6.95,6.02,0,5.0,100.0,87.46,8.17,Excellent
STU1036,Arts,100,Second,5,65.6,65.23,0.37,7.34,0,4.06,100.0,80.35,6.93,Good
STU1037,Business,100,Second,7,60.43,62.81,-2.38,6.11,0,3.55,100.0,66.84,3.06,Good
STU1038,Law,400,First,5,67.2,74.73,-7.53,5.81,0,4.14,100.0,83.55,3.4,Average
STU1039,Arts,400,First,7,35.29,39.41,-4.12,6.96,4,0.48,42.86,75.08,4.16,At-Risk
STU1040,Medicine,300,First,4,54.0,46.61,7.39,9.11,1,2.86,75.0,77.96,4.52,Average
STU1041,Law,400,Second,7,60.86,49.64,11.22,6.24,0,3.75,100.0,71.54,3.75,Good
STU1042,Business,200,Second,4,73.25,67.03,6.22,2.59,0,5.0,100.0,97.67,3.08,Excellent
STU1043,Engineering,100,Second,5,70.0,71.12,-1.12,8.17,0,4.17,100.0,86.16,4.96,Excellent
STU1044,Medicine,100,First,4,67.75,66.96,0.79,4.97,0,4.25,100.0,61.98,6.53,Good
STU1045,Business,200,Second,6,52.0,48.51,3.49,10.08,1,2.63,83.33,60.3,4.92,Average
STU1046,Arts,100,First,4,79.5,80.49,-0.99,8.2,0,5.0,100.0,82.04,5.0,Excellent
STU1047,Business,400,Second,5,72.0,73.45,-1.45,8.65,0,4.69,100.0,70.12,5.35,Excellent
STU1048,Law,300,First,5,66.6,58.06,8.54,6.25,0,4.19,100.0,79.16,2.12,Good
STU1049,Engineering,200,First,6,56.67,61.02,-4.35,6.92,0,3.11,100.0,83.3,3.86,Average
STU1050,Business,100,Second,7,42.86,49.59,-6.73,11.65,3,1.54,57.14,72.29,2.06,At-Risk
STU1051,Engineering,100,First,5,52.2,59.0,-6.8,8.98,1,2.46,80.0,85.72,2.55,Average
STU1052,Law,400,Second,5,53.2,54.49,-1.29,5.6,0,2.57,100.0,98.58,5.14,Average
STU1053,Law,400,First,7,50.71,51.63,-0.92,6.2,0,2.32,100.0,100.0,4.1,Average
STU1054,Business,200,First,6,66.33,58.54,7.79,5.53,0,4.0,100.0,98.65,4.17,Good
STU1055,Arts,400,Second,6,76.83,82.23,-5.4,4.02,0,4.89,100.0,88.01,5.88,Excellent
STU1056,Arts,400,First,5,31.8,35.21,-3.41,7.25,5,0.0,0.0,79.53,1.54,At-Risk
STU1057,Law,200,First,6,56.0,66.21,-10.21,12.64,0,2.95,100.0,88.94,3.84,Average
STU1058,Medicine,100,First,5,48.2,46.87,1.33,11.92,1,2.06,80.0,65.82,0.28,Average
STU1059,Arts,400,First,6,63.5,63.75,-0.25,4.86,0,4.0,100.0,86.92,4.65,Good
STU1060,Medicine,200,First,5,34.6,27.1,7.5,5.0,3,0.38,40.0,80.94,1.74,At-Risk
STU1061,Computer Science,400,First,5,69.0,69.82,-0.82,7.92,0,4.4,100.0,88.28,2.98,Excellent
STU1062,Law,400,Second,4,73.5,66.6,6.9,4.97,0,5.0,100.0,77.13,3.04,Excellent
STU1063,Computer Science,200,Second,4,60.75,61.41,-0.66,7.5,0,3.75,100.0,83.8,5.02,Good
STU1064,Arts,100,First,7,53.43,51.46,1.97,4.87,0,2.7,100.0,64.43,3.11,Average
STU1065,Engineering,300,Second,5,70.2,78.09,-7.89,8.38,0,4.54,100.0,81.09,4.61,Excellent
STU1066,Medicine,300,First,5,58.0,66.63,-8.63,7.13,0,3.57,100.0,94.71,5.02,Average
STU1067,Business,300,First,5,81.0,84.66,-3.66,3.03,0,5.0,100.0,76.95,3.95,Excellent
STU1068,Arts,100,First,7,34.43,34.29,0.14,6.25,5,0.29,28.57,65.57,2.36,At-Risk
STU1069,Law,200,Second,7,80.29,76.88,3.41,4.95,0,5.0,100.0,67.59,5.23,Excellent
STU1070,Engineering,400,First,7,58.71,55.41,3.3,6.8,0,3.33,100.0,74.7,5.14,Good
STU1071,Computer Science,200,Second,4,57.25,65.76,-8.51,6.5,0,3.33,100.0,79.12,3.56,Average
STU1072,Law,300,Second,5,54.0,50.74,3.26,8.88,0,2.56,100.0,89.96,2.86,Average
STU1073,Medicine,100,Second,5,63.6,56.88,6.72,5.68,0,3.86,100.0,65.2,3.53,Good
STU1074,Business,300,Second,5,39.0,42.0,-3.0,10.9,4,0.67,20.0,84.1,4.06,At-Risk
STU1075,Law,300,Second,7,38.57,34.1,4.47,13.12,3,1.33,57.14,61.96,1.39,At-Risk
STU1076,Medicine,100,First,4,58.25,54.71,3.54,3.11,0,3.17,100.0,63.14,5.02,Good
STU1077,Computer Science,400,Second,6,57.67,56.06,1.61,8.44,0,3.11,100.0,72.11,2.84,Good
STU1078,Engineering,400,First,6,56.5,56.55,-0.05,7.95,0,3.26,100.0,80.08,2.48,Good
STU1079,Arts,100,First,6,58.33,59.71,-1.38,12.47,0,3.18,100.0,66.22,4.33,Good
STU1080,Computer Science,100,First,5,71.2,72.19,-0.99,6.49,0,4.65,100.0,74.41,4.34,Excellent
STU1081,Arts,300,Second,5,40.6,32.18,8.42,5.89,3,0.83,40.0,74.64,2.13,At-Risk
STU1082,Law,300,Second,4,31.75,24.55,7.2,4.09,4,0.0,0.0,69.16,0.0,At-Risk
STU1083,Arts,400,First,4,60.75,61.05,-0.3,6.87,0,3.64,100.0,53.11,2.34,Good
STU1084,Business,300,First,4,57.5,59.46,-1.96,5.72,0,3.27,100.0,78.35,2.18,Good
STU1085,Engineering,200,First,4,61.0,65.59,-4.59,3.94,0,3.77,100.0,80.7,6.33,Average
STU1086,Arts,300,Second,5,30.0,29.28,0.72,7.29,5,0.0,0.0,63.33,2.39,At-Risk
STU1087,Business,400,Second,7,56.29,52.7,3.59,7.72,0,3.18,100.0,63.16,2.32,Good
STU1088,Arts,400,First,4,56.5,47.04,9.46,6.58,0,3.08,100.0,71.99,7.06,Good
STU1089,Law,200,Second,7,59.0,57.63,1.37,9.34,0,3.4,100.0,87.64,4.38,Good
STU1090,Engineering,300,Second,4,78.25,71.52,6.73,6.87,0,4.83,100.0,76.69,5.35,Excellent
STU1091,Engineering,200,Second,5,64.6,71.16,-6.56,6.15,0,3.88,100.0,87.58,1.55,Average
STU1092,Arts,400,First,7,61.86,65.4,-3.54,6.38,0,3.64,100.0,76.94,3.13,Average
STU1093,Arts,300,Second,4,69.0,63.34,5.66,4.58,0,4.5,100.0,62.89,7.47,Excellent
STU1094,Law,300,Second,5,63.8,61.19,2.61,8.7,0,3.79,100.0,79.94,4.23,Good
STU1095,Engineering,400,First,6,69.0,65.95,3.05,5.92,0,4.35,100.0,68.25,3.78,Excellent
STU1096,Engineering,200,First,4,64.75,54.67,10.08,6.06,0,4.08,100.0,91.46,5.96,Good
STU1097,Medicine,400,Second,6,75.0,67.33,7.67,1.91,0,5.0,100.0,82.06,3.95,Excellent
STU1098,Law,200,Second,5,42.6,39.76,2.84,10.21,2,1.47,60.0,76.78,2.41,At-Risk
STU1099,Law,200,Second,5,66.6,66.55,0.05,5.31,0,4.2,100.0,65.02,3.1,Good
STU1100,Business,200,Second,7,68.14,75.19,-7.05,8.39,0,4.11,100.0,78.02,5.62,Excellent
STU1101,Law,300,Second,4,72.5,70.23,2.27,5.72,0,4.67,100.0,79.8,4.6,Excellent
STU1102,Engineering,200,First,4,77.0,78.41,-1.41,6.08,0,5.0,100.0,77.39,4.39,Excellent
STU1103,Medicine,200,First,7,77.43,77.25,0.18,2.87,0,5.0,100.0,81.17,3.44,Excellent
STU1104,Medicine,400,First,4,72.5,71.67,0.83,6.54,0,4.82,100.0,78.21,5.51,Excellent
STU1105,Medicine,100,First,7,42.43,46.98,-4.55,7.59,3,1.14,57.14,68.96,1.32,At-Risk
STU1106,Business,300,First,4,67.25,57.75,9.5,6.18,0,4.23,100.0,100.0,5.85,Good
STU1107,Engineering,100,Second,7,78.14,80.31,-2.17,3.48,0,5.0,100.0,92.9,3.75,Excellent
STU1108,Law,200,Second,7,39.29,30.8,8.49,8.4,5,0.6,28.57,78.49,3.07,At-Risk
STU1109,Engineering,200,Second,5,72.0,82.31,-10.31,8.27,0,4.42,100.0,94.32,7.25,Excellent
STU1110,Arts,100,First,7,55.43,59.3,-3.87,8.36,1,2.86,85.71,69.22,1.39,Average
STU1111,Law,200,Second,7,61.71,54.71,7.0,7.83,0,3.81,100.0,69.77,1.41,Good
STU1112,Medicine,200,Second,5,51.2,49.6,1.6,8.8,1,2.47,80.0,82.88,3.1,Average
STU1113,Engineering,400,Second,6,75.33,73.92,1.41,6.8,0,4.81,100.0,90.74,6.15,Excellent
STU1114,Arts,300,First,7,55.14,54.32,0.82,4.49,0,3.14,100.0,74.29,2.13,Good
STU1115,Engineering,400,Second,4,54.75,56.93,-2.18,3.11,0,3.0,100.0,64.88,0.0,Average
STU1116,Arts,400,Second,6,54.0,52.74,1.26,5.16,0,3.0,100.0,91.85,3.84,Average
STU1117,Business,100,First,4,74.25,72.12,2.13,9.6,0,4.4,100.0,81.89,3.11,Excellent
STU1118,Medicine,400,First,7,65.86,65.39,0.47,10.45,0,4.05,100.0,100.0,4.51,Good
STU1119,Business,100,First,5,69.6,68.66,0.94,4.18,0,4.33,100.0,68.28,4.88,Excellent
STU1120,Engineering,200,First,7,79.71,69.1,10.61,4.59,0,5.0,100.0,95.07,4.86,Excellent
STU1121,Law,400,First,5,38.8,31.21,7.59,5.46,1,0.85,80.0,80.24,4.45,At-Risk
STU1122,Medicine,200,First,6,48.83,42.1,6.73,5.24,0,2.17,100.0,67.85,3.87,Average
STU1123,Business,200,Second,6,71.33,74.69,-3.36,1.89,0,4.88,100.0,83.0,3.88,Excellent
STU1124,Law,300,Second,5,71.4,75.62,-4.22,6.37,0,4.38,100.0,82.78,3.2,Excellent
STU1125,Law,200,First,6,44.33,37.96,6.37,7.97,2,1.95,66.67,74.09,0.76,At-Risk
STU1126,Computer Science,300,Second,7,66.86,57.71,9.15,8.42,0,4.27,100.0,85.68,3.26,Good
STU1127,Arts,200,Second,5,68.4,68.3,0.1,6.37,0,4.46,100.0,69.59,4.77,Excellent
STU1128,Arts,100,Second,4,63.0,63.41,-0.41,3.24,0,3.75,100.0,63.85,5.38,Good
STU1129,Arts,100,First,7,76.14,75.82,0.32,5.82,0,4.63,100.0,83.85,6.53,Excellent
STU1130,Medicine,400,Second,6,69.5,70.84,-1.34,4.19,0,4.67,100.0,84.82,3.23,Excellent
STU1131,Business,400,Second,7,39.14,47.57,-8.43,8.13,4,0.67,42.86,58.25,1.91,At-Risk
STU1132,Engineering,400,First,4,79.25,81.6,-2.35,10.23,0,4.69,100.0,90.45,6.97,Excellent
STU1133,Business,400,Second,4,81.0,85.05,-4.05,3.81,0,5.0,100.0,84.5,4.84,Excellent
STU1134,Business,200,First,4,62.5,55.44,7.06,2.69,0,3.83,100.0,79.4,4.0,Good
STU1135,Arts,300,Second,5,67.8,65.62,2.18,4.92,0,4.36,100.0,84.36,4.25,Good
STU1136,Law,400,Second,6,58.83,61.07,-2.24,4.49,0,3.39,100.0,79.3,3.2,Good
STU1137,Medicine,300,First,4,53.25,46.94,6.31,6.5,0,2.75,100.0,61.97,1.25,Average
STU1138,Law,300,First,4,59.75,65.39,-5.64,9.36,0,3.67,100.0,84.59,6.3,Average
STU1139,Law,100,Second,4,75.25,76.88,-1.63,6.65,0,4.73,100.0,76.45,4.97,Excellent
STU1140,Business,300,Second,5,70.8,84.17,-13.37,7.11,0,4.44,100.0,78.06,1.35,Excellent
STU1141,Law,300,Second,5,62.4,61.72,0.68,4.96,0,3.87,100.0,87.26,3.05,Good
STU1142,Arts,300,First,6,64.83,67.4,-2.57,5.81,0,4.05,100.0,87.52,5.67,Good
STU1143,Medicine,200,First,4,51.25,46.45,4.8,1.09,0,3.0,100.0,70.37,1.25,Average
STU1144,Engineering,200,First,6,79.83,80.24,-0.41,3.89,0,5.0,100.0,81.93,4.77,Excellent
STU1145,Medicine,400,Second,6,58.33,57.65,0.68,7.74,0,3.1,100.0,81.58,2.09,Good
STU1146,Computer Science,200,First,7,77.14,72.79,4.35,4.45,0,5.0,100.0,72.26,6.44,Excellent
STU1147,Law,300,First,7,74.57,75.88,-1.31,3.77,0,4.9,100.0,77.14,6.35,Excellent
STU1148,Medicine,100,Second,7,67.86,68.88,-1.02,5.94,0,4.15,100.0,68.35,5.83,Good
STU1149,Arts,400,Second,5,78.2,82.87,-4.67,5.04,0,5.0,100.0,98.12,4.11,Excellent
STU1150,Computer Science,400,First,4,68.25,78.07,-9.82,2.86,0,4.45,100.0,73.03,3.72,Excellent
STU1151,Computer Science,400,Second,6,66.5,71.07,-4.57,4.57,0,4.2,100.0,85.49,3.83,Average
STU1152,Computer Science,100,First,5,55.6,46.16,9.44,5.64,0,3.13,100.0,64.33,2.66,Good
STU1153,Medicine,300,Second,7,58.43,55.33,3.1,8.0,0,3.43,100.0,78.72,3.58,Good
STU1154,Law,400,Second,5,77.4,71.84,5.56,7.58,0,5.0,100.0,94.72,5.88,Excellent
STU1155,Law,200,First,6,31.33,34.25,-2.92,8.75,5,0.21,16.67,67.44,1.66,At-Risk
STU1156,Computer Science,400,First,5,33.4,36.84,-3.44,13.6,4,0.6,20.0,80.23,2.05,At-Risk
STU1157,Business,100,Second,6,44.0,50.81,-6.81,6.51,1,1.35,83.33,77.95,3.7,At-Risk
STU1158,Business,100,Second,6,38.0,27.42,10.58,7.92,4,0.71,33.33,74.47,2.94,At-Risk
STU1159,Computer Science,200,First,7,46.0,43.89,2.11,12.95,1,2.36,85.71,75.02,0.0,Average
STU1160,Law,400,First,7,66.29,63.92,2.37,8.05,0,4.32,100.0,95.79,5.63,Good
STU1161,Business,100,First,6,44.67,37.64,7.03,8.1,2,1.53,66.67,73.52,2.09,At-Risk
STU1162,Arts,100,First,7,58.71,65.54,-6.83,13.41,1,3.09,85.71,69.1,3.56,Average
STU1163,Arts,100,Second,7,58.0,51.12,6.88,6.16,0,3.38,100.0,69.43,2.8,Good
STU1164,Medicine,300,First,4,56.0,48.48,7.52,4.64,0,3.47,100.0,89.62,4.34,Good
STU1165,Arts,100,First,4,77.25,82.69,-5.44,7.98,0,4.73,100.0,90.06,4.93,Excellent
STU1166,Business,200,First,4,81.25,84.59,-3.34,1.3,0,5.0,100.0,98.64,5.03,Excellent
STU1167,Arts,400,First,7,62.14,58.87,3.27,8.42,0,3.57,100.0,94.88,0.69,Good
STU1168,Business,200,Second,5,37.0,34.65,2.35,9.27,2,1.05,60.0,82.53,1.29,At-Risk
STU1169,Arts,100,First,6,34.83,33.6,1.23,7.34,4,0.44,33.33,61.71,0.0,At-Risk
STU1170,Computer Science,100,Second,6,78.5,78.69,-0.19,3.95,0,5.0,100.0,79.23,5.62,Excellent
STU1171,Business,100,First,4,39.0,39.44,-0.44,5.1,2,1.0,50.0,82.08,0.63,At-Risk
STU1172,Arts,400,Second,6,38.83,40.21,-1.38,9.26,2,1.05,66.67,53.63,1.28,At-Risk
STU1173,Business,100,First,4,64.75,60.43,4.32,5.49,0,4.2,100.0,75.05,4.87,Good
STU1174,Arts,100,First,6,51.0,49.79,1.21,8.16,1,2.58,83.33,77.72,2.45,Average
STU1175,Arts,400,First,7,69.43,73.87,-4.44,3.02,0,4.57,100.0,66.52,5.54,Excellent
STU1176,Business,300,Second,4,44.5,55.21,-10.71,8.56,1,1.55,75.0,83.67,3.52,At-Risk
STU1177,Computer Science,200,Second,7,42.86,51.61,-8.75,6.64,1,1.48,85.71,75.12,2.0,At-Risk
STU1178,Engineering,300,First,4,78.25,82.15,-3.9,5.07,0,5.0,100.0,94.58,4.88,Excellent
STU1179,Engineering,300,First,6,64.17,66.01,-1.84,5.96,0,3.89,100.0,80.65,8.72,Good
STU1180,Arts,200,Second,7,61.29,68.6,-7.31,9.19,0,3.8,100.0,85.1,4.86,Average
STU1181,Arts,300,First,4,74.25,76.41,-2.16,3.03,0,5.0,100.0,78.82,8.68,Excellent
STU1182,Law,400,First,6,71.17,82.35,-11.18,5.79,0,4.75,100.0,72.72,2.65,Excellent
STU1183,Computer Science,300,First,4,78.5,79.38,-0.88,5.02,0,5.0,100.0,69.06,4.84,Excellent
STU1184,Law,100,Second,5,48.0,52.1,-4.1,6.23,1,1.57,80.0,78.37,4.14,Average
STU1185,Medicine,400,First,6,46.83,49.31,-2.48,5.05,0,2.17,100.0,69.84,3.97,Average
STU1186,Business,200,First,5,33.2,25.94,7.26,2.48,5,0.0,0.0,84.46,2.82,At-Risk
STU1187,Law,300,Second,6,50.83,51.12,-0.29,8.59,1,2.41,83.33,78.84,0.84,Average
STU1188,Arts,400,Second,6,53.0,62.05,-9.05,5.16,0,2.78,100.0,62.27,3.16,Average
STU1189,Business,200,First,4,59.25,60.45,-1.2,2.59,0,3.83,100.0,91.69,1.8,Good
STU1190,Arts,400,Second,7,56.71,63.25,-6.54,8.21,0,3.05,100.0,80.57,3.13,Average
STU1191,Arts,100,Second,7,47.0,50.22,-3.22,6.87,1,1.83,85.71,69.68,1.86,Average
STU1192,Arts,200,First,6,32.5,31.32,1.18,7.41,5,0.21,16.67,67.09,1.54,At-Risk
STU1193,Engineering,100,First,5,53.6,51.84,1.76,7.71,0,2.76,100.0,74.05,2.6,Average
STU1194,Business,100,Second,7,57.57,62.26,-4.69,12.57,1,3.21,85.71,75.67,4.43,Average
STU1195,Arts,200,Second,4,56.25,54.3,1.95,4.44,0,3.17,100.0,81.59,1.36,Good
STU1196,Law,100,Second,4,62.75,57.23,5.52,2.68,0,4.0,100.0,65.8,7.95,Good
STU1197,Business,100,First,5,56.4,58.54,-2.14,4.76,0,3.19,100.0,78.92,4.56,Good
STU1198,Arts,100,First,6,68.67,70.21,-1.54,3.64,0,4.35,100.0,74.05,4.75,Excellent
STU1199,Medicine,200,First,5,49.2,45.39,3.81,5.15,0,2.29,100.0,86.12,1.84,Average
STU1200,Business,400,Second,7,67.71,67.8,-0.09,6.84,0,4.16,100.0,68.27,2.49,Good
STU1201,Computer Science,400,First,6,67.83,73.95,-6.12,9.7,0,4.58,100.0,74.76,5.45,Average
STU1202,Computer Science,400,Second,5,26.4,23.77,2.63,15.08,4,0.31,20.0,66.27,3.18,At-Risk
STU1203,Computer Science,100,Second,4,44.25,36.67,7.58,17.02,1,2.33,75.0,67.41,2.04,At-Risk
STU1204,Law,300,First,6,70.67,76.86,-6.19,9.1,0,4.44,100.0,71.97,5.44,Excellent
STU1205,Computer Science,400,Second,4,76.75,85.06,-8.31,9.44,0,4.69,100.0,84.18,6.26,Excellent
STU1206,Arts,200,First,5,45.6,53.19,-7.59,6.02,2,1.83,60.0,86.25,3.86,Average
STU1207,Medicine,100,Second,6,59.17,59.45,-0.28,9.03,0,3.25,100.0,69.09,3.36,Good
STU1208,Engineering,100,First,7,32.0,33.63,-1.63,7.01,6,0.19,14.29,83.29,0.68,At-Risk
STU1209,Business,300,Second,6,57.5,58.76,-1.26,5.47,0,3.31,100.0,74.96,3.5,Good
STU1210,Medicine,300,Second,5,60.8,70.54,-9.74,8.75,0,3.53,100.0,55.38,4.07,Average
STU1211,Engineering,400,Second,5,37.2,22.24,14.96,5.11,3,0.5,40.0,57.52,1.73,At-Risk
STU1212,Medicine,300,Second,4,77.5,75.58,1.92,3.91,0,5.0,100.0,90.3,3.59,Excellent
STU1213,Arts,100,First,6,67.5,59.38,8.12,8.06,0,4.18,100.0,60.39,5.41,Good
STU1214,Engineering,100,First,5,61.8,58.22,3.58,6.94,0,3.53,100.0,55.11,4.58,Good
STU1215,Arts,400,Second,7,58.14,57.36,0.78,5.64,0,3.21,100.0,63.18,3.86,Good
STU1216,Computer Science,100,Second,6,44.17,41.73,2.44,6.09,2,1.35,66.67,75.33,3.22,At-Risk
STU1217,Computer Science,300,First,4,70.25,76.02,-5.77,4.26,0,4.8,100.0,74.27,3.62,Excellent
STU1218,Medicine,300,First,7,69.71,72.46,-2.75,6.2,0,4.58,100.0,76.79,3.58,Excellent
STU1219,Arts,100,Second,6,57.17,65.84,-8.67,7.49,0,3.27,100.0,72.71,2.18,Average
STU1220,Arts,200,Second,5,63.2,57.45,5.75,3.19,0,4.0,100.0,56.34,3.25,Good
STU1221,Medicine,100,First,4,55.0,60.82,-5.82,3.94,0,2.82,100.0,88.15,3.01,Average
STU1222,Computer Science,100,First,5,59.2,65.17,-5.97,3.06,0,3.29,100.0,83.91,1.76,Average
STU1223,Medicine,400,First,5,70.4,73.26,-2.86,6.74,0,4.6,100.0,82.51,2.3,Excellent
STU1224,Arts,300,First,7,57.86,61.56,-3.7,6.87,0,3.55,100.0,72.02,3.15,Average
STU1225,Arts,300,Second,6,55.33,52.53,2.8,9.18,0,2.95,100.0,99.89,5.31,Good
STU1226,Arts,300,Second,4,75.75,73.9,1.85,2.95,0,5.0,100.0,72.93,6.3,Excellent
STU1227,Arts,400,Second,6,66.0,61.97,4.03,8.21,0,4.38,100.0,77.18,3.99,Good
STU1228,Arts,400,First,5,65.0,62.65,2.35,5.4,0,4.19,100.0,75.77,5.16,Good
STU1229,Engineering,300,Second,7,46.57,45.17,1.4,9.08,2,1.9,71.43,83.13,2.9,Average
STU1230,Medicine,300,Second,5,58.8,61.73,-2.93,8.93,0,3.33,100.0,82.23,2.27,Good
STU1231,Law,200,Second,5,74.2,78.79,-4.59,5.11,0,4.78,100.0,61.7,6.98,Excellent
STU1232,Engineering,400,Second,4,30.5,32.21,-1.71,7.37,3,0.2,25.0,66.26,0.61,At-Risk
STU1233,Engineering,200,Second,7,56.14,70.48,-14.34,9.33,0,3.05,100.0,84.98,3.38,Average
STU1234,Business,200,First,7,52.57,46.88,5.69,6.34,0,2.55,100.0,75.13,3.54,Average
STU1235,Business,100,First,5,76.6,80.21,-3.61,3.14,0,5.0,100.0,73.17,6.36,Excellent
STU1236,Law,100,Second,4,50.75,39.99,10.76,3.9,0,2.54,100.0,63.98,2.61,Average
STU1237,Business,100,First,7,66.57,60.8,5.77,9.56,0,4.24,100.0,95.66,2.82,Good
STU1238,Law,100,Second,4,53.0,44.31,8.69,4.3,0,2.83,100.0,86.99,1.87,Average
STU1239,Engineering,400,First,7,71.57,66.17,5.4,8.47,0,4.39,100.0,78.71,2.98,Excellent
STU1240,Medicine,200,First,7,37.86,43.3,-5.44,5.28,4,0.48,42.86,70.86,0.0,At-Risk
STU1241,Engineering,300,First,6,62.17,61.1,1.07,4.95,0,3.61,100.0,69.62,3.88,Good
STU1242,Medicine,200,Second,5,56.0,51.81,4.19,5.1,0,3.47,100.0,77.42,0.8,Good
STU1243,Engineering,400,Second,6,47.0,47.7,-0.7,6.93,1,1.67,83.33,73.38,3.85,Average
STU1244,Engineering,200,First,6,36.83,39.81,-2.98,11.61,3,0.9,50.0,58.68,1.04,At-Risk
STU1245,Law,400,Second,5,69.6,79.56,-9.96,7.31,0,4.4,100.0,72.15,3.64,Excellent
STU1246,Computer Science,100,First,6,75.17,78.84,-3.67,3.53,0,4.88,100.0,64.55,4.95,Excellent
STU1247,Medicine,300,Second,6,67.33,70.1,-2.77,7.5,0,4.58,100.0,83.21,3.29,Good
STU1248,Arts,400,First,6,53.5,56.12,-2.62,4.54,0,2.81,100.0,67.62,4.27,Average
STU1249,Medicine,300,First,4,54.25,50.3,3.95,6.53,0,2.5,100.0,72.26,1.84,Average
STU1250,Law,200,First,7,76.57,82.15,-5.58,4.1,0,5.0,100.0,72.55,5.36,Excellent
STU1251,Medicine,300,Second,6,71.0,77.98,-6.98,7.87,0,4.45,100.0,87.16,3.08,Excellent
STU1252,Law,200,Second,4,55.75,62.16,-6.41,8.55,0,3.17,100.0,65.93,2.72,Average
STU1253,Computer Science,100,First,6,66.17,75.46,-9.29,8.86,0,4.0,100.0,68.39,6.49,Average
STU1254,Medicine,100,Second,6,68.0,67.14,0.86,6.71,0,4.35,100.0,79.51,2.13,Excellent
STU1255,Business,300,First,4,55.75,53.95,1.8,5.67,0,3.1,100.0,66.52,3.46,Good
STU1256,Computer Science,100,Second,7,55.0,59.19,-4.19,8.65,0,3.0,100.0,80.45,1.06,Average
STU1257,Law,100,First,5,72.8,73.01,-0.21,6.27,0,4.86,100.0,88.39,3.86,Excellent
STU1258,Law,200,First,6,80.83,76.71,4.12,7.73,0,4.87,100.0,85.26,4.7,Excellent
STU1259,Computer Science,300,Second,4,62.75,59.25,3.5,5.36,0,4.18,100.0,80.78,5.75,Good
STU1260,Arts,400,Second,6,65.33,57.62,7.71,8.9,0,3.93,100.0,70.56,5.39,Good
STU1261,Medicine,100,Second,7,40.71,42.27,-1.56,10.69,4,0.87,42.86,76.8,1.73,At-Risk
STU1262,Arts,300,Second,6,53.83,50.99,2.84,5.84,0,3.0,100.0,74.3,3.73,Average
STU1263,Law,100,Second,7,50.86,49.19,1.67,7.1,0,2.58,100.0,83.1,3.07,Average
STU1264,Medicine,300,Second,4,61.5,65.86,-4.36,4.33,0,3.67,100.0,87.78,4.95,Average
STU1265,Arts,400,First,5,57.2,54.58,2.62,7.83,0,3.28,100.0,74.2,3.82,Good
STU1266,Arts,100,Second,5,68.4,69.47,-1.07,10.63,0,4.0,100.0,67.52,4.28,Excellent
STU1267,Engineering,200,Second,4,53.75,62.01,-8.26,10.47,0,2.5,100.0,72.74,3.49,Average
STU1268,Computer Science,200,First,4,77.0,81.15,-4.15,10.63,0,4.8,100.0,87.18,3.4,Excellent
STU1269,Law,100,First,4,35.5,33.26,2.24,11.59,2,0.55,50.0,72.29,3.48,At-Risk
STU1270,Arts,100,First,4,59.75,61.19,-1.44,5.54,0,3.17,100.0,78.08,0.92,Good
STU1271,Computer Science,300,Second,5,63.0,64.32,-1.32,3.58,0,3.83,100.0,69.91,1.24,Good
STU1272,Engineering,400,Second,6,77.33,63.46,13.87,6.32,0,5.0,100.0,86.1,3.85,Excellent
STU1273,Computer Science,100,Second,5,53.0,56.07,-3.07,7.29,0,2.62,100.0,59.96,1.16,Average
STU1274,Arts,300,Second,7,46.71,46.78,-0.07,5.95,1,1.84,85.71,66.07,4.5,Average
STU1275,Engineering,200,Second,5,50.2,48.21,1.99,5.91,0,2.33,100.0,58.37,1.1,Average
STU1276,Engineering,300,First,7,63.0,60.41,2.59,6.52,0,3.95,100.0,61.75,0.0,Good
STU1277,Medicine,100,First,6,65.17,68.77,-3.6,7.22,0,3.84,100.0,75.71,5.86,Average
STU1278,Business,400,First,7,66.43,79.82,-13.39,5.47,0,4.14,100.0,80.99,4.0,Average
STU1279,Computer Science,400,First,6,62.33,66.58,-4.25,6.97,0,3.9,100.0,77.28,4.45,Average
STU1280,Medicine,400,First,6,67.83,79.12,-11.29,7.51,0,4.0,100.0,92.33,1.52,Average
STU1281,Engineering,400,First,6,46.0,50.68,-4.68,7.42,1,1.78,83.33,57.89,1.64,Average
STU1282,Arts,400,First,7,42.71,44.92,-2.21,6.61,3,1.26,57.14,79.83,3.74,At-Risk
STU1283,Business,200,First,4,64.75,71.62,-6.87,7.56,0,3.73,100.0,65.37,4.82,Average
STU1284,Law,300,First,4,42.0,42.98,-0.98,9.03,2,1.17,50.0,77.62,3.18,At-Risk
STU1285,Medicine,200,First,5,37.4,29.92,7.48,13.53,3,1.12,40.0,72.47,3.79,At-Risk
STU1286,Arts,200,First,7,80.71,76.84,3.87,9.6,0,4.81,100.0,76.42,7.93,Excellent
STU1287,Arts,100,First,7,48.0,54.28,-6.28,4.47,0,2.18,100.0,68.05,0.78,Average
STU1288,Engineering,100,Second,7,69.14,66.38,2.76,5.62,0,4.24,100.0,63.09,4.15,Excellent
STU1289,Computer Science,400,Second,5,57.4,62.18,-4.78,9.58,0,3.0,100.0,47.21,2.15,Average
STU1290,Arts,400,Second,4,55.0,54.48,0.52,7.45,0,2.6,100.0,82.61,7.58,Good
STU1291,Medicine,100,Second,6,79.67,85.31,-5.64,2.56,0,5.0,100.0,74.22,6.19,Excellent
STU1292,Law,400,Second,6,55.33,55.04,0.29,6.32,0,2.93,100.0,71.96,3.43,Good
STU1293,Law,400,First,4,77.0,71.84,5.16,5.61,0,5.0,100.0,84.12,6.89,Excellent
STU1294,Business,300,Second,4,59.25,64.17,-4.92,3.11,0,3.54,100.0,85.41,2.26,Average
STU1295,Business,200,Second,6,66.33,65.64,0.69,7.45,0,4.19,100.0,68.5,3.33,Good
STU1296,Business,200,First,5,54.0,59.44,-5.44,5.66,0,2.87,100.0,90.01,2.13,Average
STU1297,Engineering,300,Second,7,36.14,35.05,1.09,4.82,6,0.36,14.29,61.53,3.09,At-Risk
STU1298,Computer Science,100,First,6,59.83,59.74,0.09,7.24,0,3.71,100.0,87.02,2.7,Good
STU1299,Arts,300,First,5,43.2,54.95,-11.75,3.49,1,1.12,80.0,67.81,3.1,At-Risk
STU1300,Arts,100,Second,5,60.8,45.76,15.04,9.33,0,3.75,100.0,89.87,1.89,Good
STU1301,Arts,100,First,4,63.0,57.13,5.87,5.34,0,4.0,100.0,80.39,3.93,Good
STU1302,Arts,400,First,7,79.57,77.41,2.16,6.04,0,5.0,100.0,94.35,5.09,Excellent
STU1303,Medicine,100,First,6,44.33,41.33,3.0,2.81,0,1.5,100.0,74.37,0.0,At-Risk
STU1304,Business,300,First,4,69.75,67.46,2.29,5.76,0,4.47,100.0,79.35,4.58,Excellent
STU1305,Medicine,400,Second,7,61.0,65.62,-4.62,9.97,0,3.61,100.0,77.04,2.63,Average
STU1306,Medicine,300,Second,5,48.2,43.37,4.83,5.15,0,2.24,100.0,74.59,2.46,Average
STU1307,Business,300,Second,6,48.67,47.97,0.7,6.65,0,2.18,100.0,64.36,3.58,Average
STU1308,Business,100,Second,6,54.0,57.52,-3.52,6.3,0,3.0,100.0,61.94,1.9,Average
STU1309,Computer Science,100,Second,7,44.86,43.18,1.68,8.17,2,1.61,71.43,83.88,2.79,At-Risk
STU1310,Arts,300,First,7,65.43,56.89,8.54,8.8,0,4.0,100.0,59.25,4.44,Good
STU1311,Computer Science,100,First,5,49.4,48.86,0.54,6.15,0,2.29,100.0,67.15,1.71,Average
STU1312,Engineering,300,Second,6,68.33,68.32,0.01,7.45,0,4.32,100.0,72.78,5.37,Excellent
STU1313,Arts,100,First,7,59.29,57.26,2.03,5.47,0,3.27,100.0,79.86,5.02,Good
STU1314,Computer Science,200,Second,4,42.0,41.18,0.82,7.91,2,1.07,50.0,84.82,3.04,At-Risk
STU1315,Engineering,200,Second,4,79.0,78.42,0.58,4.36,0,5.0,100.0,80.65,6.31,Excellent
STU1316,Law,200,Second,5,54.4,61.25,-6.85,7.2,0,2.77,100.0,72.09,0.03,Average
STU1317,Arts,100,Second,5,67.8,64.13,3.67,4.21,0,4.67,100.0,100.0,4.3,Good
STU1318,Computer Science,400,First,6,41.17,34.94,6.23,13.68,1,1.65,83.33,72.94,1.0,At-Risk
STU1319,Engineering,100,First,7,79.86,74.37,5.49,3.27,0,5.0,100.0,88.55,6.52,Excellent
STU1320,Computer Science,300,First,4,57.25,61.74,-4.49,3.77,0,3.33,100.0,78.98,3.23,Average
STU1321,Medicine,400,Second,4,74.75,71.86,2.89,4.6,0,4.77,100.0,65.95,5.67,Excellent
STU1322,Medicine,400,Second,6,70.33,72.77,-2.44,4.78,0,4.37,100.0,84.44,3.71,Excellent
STU1323,Law,400,Second,7,52.86,55.34,-2.48,4.73,0,2.5,100.0,70.72,4.97,Average
STU1324,Law,200,Second,6,81.17,79.65,1.52,5.34,0,5.0,100.0,75.52,5.37,Excellent
STU1325,Law,100,Second,4,56.25,54.39,1.86,4.71,0,3.0,100.0,70.81,6.8,Good
STU1326,Engineering,400,First,6,50.0,49.33,0.67,7.39,1,2.41,83.33,64.25,2.24,Average
STU1327,Medicine,300,First,6,76.67,70.74,5.93,3.35,0,5.0,100.0,82.18,5.2,Excellent
STU1328,Law,200,First,5,79.2,76.9,2.3,3.66,0,5.0,100.0,92.12,6.42,Excellent
STU1329,Medicine,200,First,5,74.6,73.09,1.51,5.82,0,4.82,100.0,72.13,6.29,Excellent
STU1330,Computer Science,100,First,5,68.6,68.52,0.08,4.96,0,4.25,100.0,90.36,0.0,Excellent
STU1331,Law,400,First,4,41.25,48.61,-7.36,3.27,1,1.0,75.0,71.57,5.32,At-Risk
STU1332,Business,100,Second,4,56.5,65.24,-8.74,7.83,0,2.92,100.0,100.0,2.47,Average
STU1333,Engineering,100,First,4,56.75,67.52,-10.77,3.34,0,3.17,100.0,81.83,4.42,Average
STU1334,Computer Science,400,Second,5,58.4,66.87,-8.47,7.0,0,3.25,100.0,61.29,2.53,Average
STU1335,Arts,300,Second,6,52.0,54.23,-2.23,3.96,0,2.65,100.0,77.12,3.38,Average
STU1336,Computer Science,100,First,4,70.25,76.61,-6.36,2.86,0,4.69,100.0,76.92,5.01,Excellent
STU1337,Arts,200,First,5,56.4,59.45,-3.05,8.28,0,3.08,100.0,69.22,2.54,Average
STU1338,Business,300,Second,4,45.0,49.35,-4.35,9.92,1,2.0,75.0,74.93,7.4,Average
STU1339,Arts,100,First,4,48.25,48.35,-0.1,10.64,1,2.0,75.0,70.72,5.75,Average
STU1340,Business,400,First,4,46.5,50.34,-3.84,5.77,1,1.83,75.0,74.53,1.58,Average
STU1341,Engineering,300,Second,4,28.5,24.48,4.02,4.56,4,0.0,0.0,70.81,1.45,At-Risk
STU1342,Law,200,First,7,56.43,51.38,5.05,5.97,0,3.27,100.0,57.77,3.18,Good
STU1343,Computer Science,300,Second,4,57.5,54.66,2.84,12.85,0,3.6,100.0,69.66,5.02,Good
STU1344,Law,300,First,4,54.5,52.5,2.0,9.86,0,2.73,100.0,73.9,2.96,Average
STU1345,Computer Science,400,First,4,55.0,54.5,0.5,9.57,0,3.09,100.0,65.09,0.0,Good
STU1346,Arts,300,Second,6,57.83,56.59,1.24,8.74,0,3.43,100.0,67.56,3.82,Good
STU1347,Medicine,200,First,6,57.67,60.61,-2.94,5.25,0,3.12,100.0,84.29,1.58,Good
STU1348,Business,400,First,6,79.17,76.52,2.65,3.62,0,5.0,100.0,87.21,1.77,Excellent
STU1349,Business,400,Second,5,79.4,75.47,3.93,6.53,0,5.0,100.0,82.5,6.01,Excellent
STU1350,Computer Science,400,First,7,61.43,53.01,8.42,8.33,0,3.56,100.0,70.67,4.66,Good
STU1351,Arts,200,Second,5,79.0,82.97,-3.97,3.41,0,5.0,100.0,74.21,4.99,Excellent
STU1352,Arts,100,Second,5,79.2,85.16,-5.96,8.35,0,5.0,100.0,64.55,4.34,Excellent
STU1353,Business,200,First,5,36.6,38.13,-1.53,9.44,3,0.86,40.0,81.93,4.1,At-Risk
STU1354,Computer Science,400,Second,5,68.0,70.36,-2.36,7.87,0,4.27,100.0,87.85,5.69,Excellent
STU1355,Arts,400,First,5,63.0,70.98,-7.98,5.06,0,3.73,100.0,73.86,5.46,Average
STU1356,Business,300,First,6,44.0,43.58,0.42,6.35,2,1.18,66.67,84.72,4.11,At-Risk
STU1357,Business,100,First,7,67.0,68.25,-1.25,5.63,0,4.36,100.0,60.52,5.16,Good
STU1358,Engineering,200,First,4,55.0,70.56,-15.56,3.94,0,3.25,100.0,75.11,4.43,Average
STU1359,Law,400,First,4,83.0,83.29,-0.29,4.06,0,5.0,100.0,80.17,4.55,Excellent
STU1360,Law,200,Second,6,68.33,60.33,8.0,8.44,0,4.14,100.0,71.55,3.96,Excellent
STU1361,Business,200,First,6,52.0,53.55,-1.55,9.59,1,2.47,83.33,83.03,4.6,Average
STU1362,Medicine,400,First,6,63.5,64.93,-1.43,6.92,0,3.88,100.0,87.22,3.91,Good
STU1363,Business,400,First,7,51.71,51.73,-0.02,7.21,0,2.68,100.0,77.87,3.82,Average
STU1364,Engineering,200,First,7,73.43,71.31,2.12,8.78,0,4.56,100.0,81.11,4.37,Excellent
STU1365,Business,200,First,4,54.25,57.77,-3.52,2.86,0,3.0,100.0,66.32,4.5,Average
STU1366,Medicine,100,Second,5,47.0,50.64,-3.64,8.51,1,1.65,80.0,85.12,3.67,Average
STU1367,Computer Science,100,Second,5,60.6,61.45,-0.85,8.48,0,3.47,100.0,70.48,2.2,Good
STU1368,Law,300,Second,7,57.43,49.52,7.91,3.02,0,3.19,100.0,79.53,4.04,Good
STU1369,Arts,400,First,4,69.75,74.27,-4.52,2.28,0,4.47,100.0,81.63,5.63,Excellent
STU1370,Arts,300,First,4,48.5,38.83,9.67,4.56,0,2.17,100.0,75.8,2.69,Average
STU1371,Law,400,First,6,77.17,76.42,0.75,5.76,0,4.84,100.0,91.64,4.28,Excellent
STU1372,Medicine,100,Second,4,45.5,53.27,-7.77,9.23,2,1.0,50.0,52.0,4.2,At-Risk
STU1373,Business,100,First,4,62.0,70.66,-8.66,8.75,0,3.8,100.0,81.04,2.86,Average
STU1374,Computer Science,100,First,4,69.0,69.75,-0.75,5.61,0,4.62,100.0,75.59,3.47,Excellent
STU1375,Business,400,Second,7,34.14,26.34,7.8,5.46,5,0.29,28.57,89.67,2.18,At-Risk
STU1376,Engineering,100,Second,5,63.2,65.19,-1.99,6.94,0,4.2,100.0,68.25,5.86,Good
STU1377,Business,300,First,4,78.25,79.59,-1.34,6.72,0,5.0,100.0,68.14,4.21,Excellent
STU1378,Engineering,400,First,5,38.8,35.11,3.69,3.31,3,0.4,40.0,61.26,1.94,At-Risk
STU1379,Law,400,Second,4,48.0,57.7,-9.7,5.87,0,2.5,100.0,81.35,3.07,Average
STU1380,Law,200,Second,7,55.86,59.97,-4.11,9.61,0,2.91,100.0,78.37,5.4,Average
STU1381,Arts,200,Second,5,72.0,70.96,1.04,4.34,0,4.65,100.0,85.86,4.66,Excellent
STU1382,Medicine,200,First,6,80.67,86.42,-5.75,6.6,0,5.0,100.0,78.46,4.92,Excellent
STU1383,Business,100,First,7,37.29,35.18,2.11,6.67,3,0.65,57.14,72.43,3.97,At-Risk
STU1384,Engineering,100,Second,5,67.8,68.56,-0.76,2.99,0,4.25,100.0,72.41,3.26,Good
STU1385,Medicine,400,First,5,31.4,20.73,10.67,5.04,5,0.0,0.0,71.57,3.87,At-Risk
STU1386,Law,200,First,6,50.67,50.98,-0.31,7.39,0,2.35,100.0,75.14,3.53,Average
STU1387,Engineering,200,First,7,54.43,53.64,0.79,8.57,0,2.91,100.0,71.98,2.6,Average
STU1388,Arts,300,First,5,49.4,42.99,6.41,9.13,1,2.0,80.0,77.23,2.28,Average
STU1389,Business,100,Second,7,62.14,69.88,-7.74,8.51,0,3.74,100.0,76.76,5.92,Average
STU1390,Law,300,First,6,64.33,62.01,2.32,3.4,0,4.0,100.0,90.31,2.99,Good
STU1391,Business,100,First,4,78.25,77.94,0.31,6.83,0,5.0,100.0,82.57,3.85,Excellent
STU1392,Arts,100,Second,5,43.8,47.64,-3.84,8.52,2,1.33,60.0,72.52,3.07,At-Risk
STU1393,Medicine,400,Second,6,50.5,51.48,-0.98,5.44,0,2.56,100.0,92.76,2.3,Average
STU1394,Arts,200,First,4,63.5,53.68,9.82,6.22,0,4.0,100.0,69.43,3.25,Good
STU1395,Business,100,Second,4,49.75,43.3,6.45,5.31,0,2.64,100.0,69.67,0.0,Average
STU1396,Medicine,200,Second,5,45.8,39.76,6.04,6.43,1,1.87,80.0,82.27,4.67,Average
STU1397,Computer Science,300,First,5,54.2,48.48,5.72,10.05,0,3.33,100.0,76.31,1.33,Average
STU1398,Business,100,First,4,50.25,53.87,-3.62,10.5,1,1.82,75.0,84.37,4.2,Average
STU1399,Law,400,First,4,39.0,32.05,6.95,1.87,2,0.57,50.0,81.22,2.59,At-Risk
STU1400,Business,400,Second,6,38.67,35.11,3.56,7.04,3,0.72,50.0,62.92,2.77,At-Risk
STU1401,Arts,200,First,7,72.14,73.19,-1.05,6.4,0,4.67,100.0,60.51,0.0,Excellent
STU1402,Computer Science,400,Second,4,56.25,55.82,0.43,9.91,0,3.36,100.0,59.71,3.57,Good
STU1403,Medicine,100,First,5,76.2,77.21,-1.01,7.33,0,4.85,100.0,100.0,5.03,Excellent
STU1404,Medicine,200,First,5,77.8,77.95,-0.15,7.55,0,5.0,100.0,80.11,5.78,Excellent
STU1405,Arts,100,Second,5,36.0,40.85,-4.85,4.15,4,0.12,20.0,58.52,1.25,At-Risk
STU1406,Computer Science,100,Second,4,73.75,75.39,-1.64,4.82,0,4.77,100.0,99.06,4.89,Excellent
STU1407,Computer Science,400,First,4,40.75,43.66,-2.91,5.07,1,0.82,75.0,54.38,3.6,At-Risk
STU1408,Business,100,Second,5,69.8,74.86,-5.06,9.62,0,4.39,100.0,66.68,5.85,Excellent
STU1409,Law,300,First,5,77.2,70.02,7.18,4.96,0,5.0,100.0,67.11,4.31,Excellent
STU1410,Medicine,100,First,4,58.25,60.51,-2.26,13.52,1,2.87,75.0,88.44,0.0,Good
STU1411,Arts,100,First,7,45.43,45.56,-0.13,8.55,1,1.92,85.71,69.89,2.85,Average
STU1412,Business,200,First,5,56.4,54.68,1.72,2.42,0,3.17,100.0,76.18,2.45,Good
STU1413,Computer Science,100,First,4,73.0,68.28,4.72,12.57,0,4.43,100.0,63.36,3.48,Excellent
STU1414,Law,200,Second,5,66.6,65.45,1.15,6.74,0,4.19,100.0,66.75,0.93,Good
STU1415,Computer Science,400,First,7,82.14,81.86,0.28,8.08,0,5.0,100.0,84.7,5.21,Excellent
STU1416,Engineering,100,Second,5,25.0,21.62,3.38,9.34,5,0.0,0.0,63.88,3.05,At-Risk
STU1417,Arts,300,First,4,55.0,47.54,7.46,3.39,0,3.0,100.0,71.97,4.11,Good
STU1418,Computer Science,100,First,4,58.5,63.67,-5.17,7.02,0,3.57,100.0,61.02,1.85,Average
STU1419,Medicine,100,Second,4,70.25,65.27,4.98,5.02,0,4.5,100.0,84.45,3.0,Excellent
STU1420,Computer Science,100,First,4,65.25,61.04,4.21,8.26,0,3.9,100.0,90.02,3.69,Good
STU1421,Law,400,Second,5,64.4,56.03,8.37,4.13,0,3.88,100.0,90.87,3.34,Good
STU1422,Computer Science,100,First,5,58.0,76.0,-18.0,12.08,0,3.25,100.0,76.98,1.59,Average
STU1423,Computer Science,400,First,6,57.83,58.72,-0.89,8.09,0,3.4,100.0,80.91,1.74,Good
STU1424,Computer Science,300,Second,5,79.0,81.87,-2.87,5.4,0,5.0,100.0,79.21,7.29,Excellent
STU1425,Medicine,300,First,6,59.0,59.83,-0.83,6.83,0,3.56,100.0,86.38,4.97,Good
STU1426,Engineering,100,Second,4,61.0,56.14,4.86,5.79,0,3.67,100.0,71.67,3.68,Good
STU1427,Medicine,200,First,6,34.17,36.9,-2.73,9.06,4,0.35,33.33,69.11,1.43,At-Risk
STU1428,Engineering,300,Second,4,78.5,81.32,-2.82,4.72,0,5.0,100.0,76.31,4.08,Excellent
STU1429,Business,100,First,7,55.29,53.54,1.75,10.59,1,2.76,85.71,93.48,3.62,Good
STU1430,Business,300,First,4,74.75,72.11,2.64,2.95,0,5.0,100.0,75.42,6.09,Excellent
STU1431,Medicine,400,Second,7,62.29,60.4,1.89,9.13,0,3.67,100.0,93.69,3.2,Good
STU1432,Engineering,200,First,7,49.43,43.31,6.12,9.18,2,2.17,71.43,80.14,3.97,Average
STU1433,Business,100,First,6,64.5,70.2,-5.7,4.27,0,4.21,100.0,75.69,1.86,Average
STU1434,Medicine,100,First,4,49.5,51.5,-2.0,10.06,1,2.33,75.0,82.24,2.93,Average
STU1435,Computer Science,100,Second,5,55.2,56.79,-1.59,4.71,0,3.12,100.0,67.95,2.07,Good
STU1436,Arts,100,First,7,57.0,51.24,5.76,3.78,0,3.27,100.0,80.52,1.78,Good
STU1437,Business,300,Second,5,52.4,51.68,0.72,6.83,0,2.85,100.0,77.62,3.76,Average
STU1438,Medicine,100,First,7,54.29,60.8,-6.51,5.72,0,3.04,100.0,92.97,1.75,Average
STU1439,Law,300,First,5,81.2,73.46,7.74,4.02,0,5.0,100.0,78.57,4.57,Excellent
STU1440,Arts,400,First,5,55.6,54.76,0.84,8.16,0,3.0,100.0,69.23,5.43,Good
STU1441,Medicine,400,First,5,77.6,67.15,10.45,6.15,0,5.0,100.0,85.82,3.63,Excellent
STU1442,Medicine,100,First,4,64.25,63.23,1.02,6.18,0,4.2,100.0,83.52,2.39,Good
STU1443,Law,200,Second,5,36.4,36.54,-0.14,10.61,3,0.93,40.0,57.28,0.0,At-Risk
STU1444,Law,300,Second,7,61.0,57.41,3.59,8.99,0,3.62,100.0,70.71,2.44,Good
STU1445,Engineering,200,First,5,62.2,55.63,6.57,4.79,0,3.65,100.0,59.51,5.58,Good
STU1446,Business,300,Second,7,45.86,37.21,8.65,9.52,2,2.0,71.43,82.24,2.1,Average
STU1447,Law,400,First,4,59.25,53.9,5.35,9.36,0,3.57,100.0,88.16,3.67,Good
STU1448,Arts,100,Second,6,43.17,48.32,-5.15,7.49,2,1.18,66.67,79.87,3.77,At-Risk
STU1449,Arts,400,First,5,56.6,56.46,0.14,12.04,0,3.07,100.0,68.34,5.53,Good
STU1450,Computer Science,300,First,6,54.67,62.73,-8.06,8.4,0,2.47,100.0,68.83,3.16,Average
STU1451,Law,400,Second,4,82.25,75.62,6.63,5.63,0,5.0,100.0,95.57,5.87,Excellent
STU1452,Medicine,100,Second,7,52.0,49.73,2.27,8.72,1,2.22,85.71,95.18,4.62,Average
STU1453,Medicine,400,First,5,37.6,33.73,3.87,9.39,4,0.53,20.0,66.21,2.0,At-Risk
STU1454,Law,300,First,6,78.17,81.37,-3.2,4.14,0,5.0,100.0,90.91,3.66,Excellent
STU1455,Engineering,400,First,7,60.71,55.61,5.1,6.9,0,3.55,100.0,79.65,2.04,Good
STU1456,Engineering,200,First,5,46.4,34.14,12.26,4.88,0,1.69,100.0,77.22,3.36,Average
STU1457,Arts,200,First,7,70.71,75.1,-4.39,5.26,0,4.52,100.0,73.75,3.14,Excellent
STU1458,Medicine,100,First,4,37.25,28.98,8.27,9.6,3,0.82,25.0,78.73,2.54,At-Risk
STU1459,Computer Science,200,Second,6,65.17,62.58,2.59,4.34,0,4.26,100.0,72.1,3.94,Good
STU1460,Law,400,Second,6,56.83,53.11,3.72,10.65,1,2.78,83.33,86.73,2.96,Good
STU1461,Law,200,Second,5,55.2,63.71,-8.51,7.3,0,3.12,100.0,62.93,4.02,Average
STU1462,Business,200,First,5,78.2,74.45,3.75,5.04,0,5.0,100.0,95.11,5.68,Excellent
STU1463,Engineering,100,First,6,45.67,43.85,1.82,7.16,1,1.56,83.33,77.93,1.58,Average
STU1464,Engineering,400,Second,5,74.2,83.6,-9.4,5.04,0,5.0,100.0,87.83,5.03,Excellent
STU1465,Medicine,100,Second,7,54.71,61.78,-7.07,9.27,1,2.9,85.71,70.6,3.26,Average
STU1466,Engineering,100,Second,4,32.0,28.47,3.53,8.12,3,0.33,25.0,56.61,0.0,At-Risk
STU1467,Computer Science,400,Second,7,66.57,66.76,-0.19,4.89,0,4.33,100.0,84.21,3.24,Good
STU1468,Law,100,Second,6,75.5,65.73,9.77,3.4,0,5.0,100.0,69.92,5.46,Excellent
STU1469,Arts,200,Second,7,80.86,83.75,-2.89,6.1,0,5.0,100.0,77.25,5.94,Excellent
STU1470,Computer Science,300,Second,4,45.5,43.18,2.32,9.76,1,1.64,75.0,84.54,0.86,Average
STU1471,Engineering,300,First,5,70.4,68.56,1.84,12.22,0,4.27,100.0,75.42,4.13,Excellent
STU1472,Engineering,300,First,4,72.75,73.14,-0.39,7.01,0,4.58,100.0,82.88,6.92,Excellent
STU1473,Engineering,200,First,5,53.2,59.18,-5.98,5.71,0,2.86,100.0,57.62,0.0,Average
STU1474,Engineering,200,First,6,47.33,42.19,5.14,10.67,2,1.86,66.67,81.53,2.75,Average
STU1475,Business,100,First,7,57.86,57.49,0.37,5.82,0,3.3,100.0,70.97,4.88,Good
STU1476,Arts,100,First,4,49.0,45.36,3.64,3.74,0,2.3,100.0,83.63,2.5,Average
STU1477,Arts,400,Second,5,49.6,55.81,-6.21,4.08,0,2.41,100.0,76.98,3.71,Average
STU1478,Engineering,300,First,4,74.5,74.49,0.01,2.69,0,5.0,100.0,90.16,4.0,Excellent
STU1479,Business,400,First,5,39.2,46.77,-7.57,9.24,3,1.07,40.0,61.7,2.35,At-Risk
STU1480,Law,100,First,7,53.57,45.67,7.9,4.78,0,2.8,100.0,75.94,3.18,Average
STU1481,Business,400,First,5,57.8,59.69,-1.89,5.49,0,3.38,100.0,82.12,3.23,Good
STU1482,Arts,100,Second,4,72.25,78.13,-5.88,7.85,0,4.67,100.0,63.29,5.65,Excellent
STU1483,Arts,400,Second,6,56.5,57.29,-0.79,3.55,0,3.4,100.0,67.51,0.6,Good
STU1484,Medicine,200,First,6,55.0,52.82,2.18,8.1,0,2.88,100.0,74.39,1.82,Good
STU1485,Medicine,100,Second,5,71.4,78.7,-7.3,2.58,0,4.62,100.0,75.47,4.55,Excellent
STU1486,Law,100,First,7,48.57,43.98,4.59,4.14,0,2.48,100.0,74.18,0.53,Average
STU1487,Engineering,200,First,4,60.0,52.44,7.56,3.54,0,3.5,100.0,68.47,1.1,Good
STU1488,Computer Science,100,First,5,34.0,39.35,-5.35,4.1,5,0.0,0.0,67.03,0.0,At-Risk
STU1489,Business,100,Second,6,57.67,56.59,1.08,5.73,0,3.38,100.0,76.32,6.81,Good
STU1490,Arts,100,First,7,53.0,58.99,-5.99,5.76,0,2.79,100.0,82.66,5.04,Average
STU1491,Computer Science,200,Second,4,59.0,69.53,-10.53,3.67,0,3.53,100.0,63.2,0.6,Average
STU1492,Business,100,Second,6,51.83,44.42,7.41,10.57,0,2.67,100.0,77.39,0.41,Average
STU1493,Medicine,100,First,5,47.2,41.83,5.37,12.54,2,1.88,60.0,68.92,1.14,Average
STU1494,Arts,400,Second,7,31.71,28.9,2.81,6.69,6,0.18,14.29,77.07,0.0,At-Risk
STU1495,Law,400,First,5,66.6,67.88,-1.28,4.41,0,4.27,100.0,97.36,7.14,Good
STU1496,Engineering,100,First,7,47.57,38.52,9.05,8.43,2,1.8,71.43,72.69,2.32,Average
STU1497,Business,200,Second,4,83.5,79.96,3.54,9.66,0,5.0,100.0,69.46,5.71,Excellent
STU1498,Business,200,Second,5,64.6,69.05,-4.45,2.65,0,4.0,100.0,71.86,4.46,Average
STU1499,Law,300,Second,6,55.5,55.34,0.16,7.85,0,3.0,100.0,100.0,5.99,Good
STU1500,Engineering,400,Second,7,63.43,55.89,7.54,5.75,0,3.8,100.0,88.53,4.42,Good
STU1501,Computer Science,100,Second,7,65.29,53.83,11.46,6.76,0,4.05,100.0,68.33,5.27,Good
STU1502,Arts,100,Second,7,74.43,67.63,6.8,4.59,0,4.83,100.0,82.14,5.12,Excellent
STU1503,Arts,200,Second,4,78.25,81.43,-3.18,7.12,0,4.64,100.0,80.8,3.62,Excellent
STU1504,Engineering,100,First,5,76.8,78.85,-2.05,3.31,0,5.0,100.0,70.64,2.81,Excellent
STU1505,Law,200,First,6,28.33,30.97,-2.64,4.27,6,0.0,0.0,70.39,1.36,At-Risk
STU1506,Business,400,Second,5,84.6,90.86,-6.26,5.0,0,5.0,100.0,54.64,4.72,Excellent
STU1507,Medicine,300,Second,6,45.33,40.19,5.14,5.44,1,1.33,83.33,68.1,2.0,At-Risk
STU1508,Engineering,200,First,6,68.5,62.73,5.77,6.7,0,4.2,100.0,77.97,2.33,Excellent
STU1509,Computer Science,400,First,5,72.8,73.39,-0.59,5.91,0,4.63,100.0,84.88,3.17,Excellent
STU1510,Arts,300,Second,5,56.8,63.7,-6.9,7.63,0,3.08,100.0,90.76,1.02,Average
STU1511,Computer Science,300,Second,4,49.25,58.1,-8.85,4.87,0,2.2,100.0,62.95,3.44,Average
STU1512,Engineering,300,First,7,53.29,43.62,9.67,4.3,0,2.78,100.0,81.93,2.78,Average
STU1513,Medicine,100,First,7,53.86,44.67,9.19,8.01,0,2.5,100.0,84.99,5.49,Average
STU1514,Arts,300,First,4,49.25,50.56,-1.31,4.02,0,2.25,100.0,61.93,3.55,Average
STU1515,Engineering,400,Second,4,36.5,38.03,-1.53,5.02,3,0.21,25.0,70.08,0.0,At-Risk
STU1516,Medicine,200,First,6,44.67,37.97,6.7,6.45,1,1.13,83.33,72.03,3.38,At-Risk
STU1517,Law,400,First,7,54.86,58.04,-3.18,8.44,0,3.29,100.0,71.14,2.51,Average
STU1518,Computer Science,100,Second,7,49.14,49.98,-0.84,9.66,1,2.48,85.71,88.8,3.14,Average
STU1519,Engineering,200,First,6,53.83,50.16,3.67,8.19,0,3.11,100.0,61.43,5.34,Average
STU1520,Law,100,Second,7,51.14,40.61,10.53,4.88,0,2.37,100.0,57.63,3.32,Average
STU1521,Engineering,100,Second,4,75.25,73.13,2.12,4.71,0,5.0,100.0,80.3,3.55,Excellent
STU1522,Arts,100,Second,5,51.6,52.25,-0.65,11.71,1,2.67,80.0,67.86,0.77,Average
STU1523,Computer Science,100,Second,6,39.33,40.24,-0.91,8.94,4,0.76,33.33,77.74,1.72,At-Risk
STU1524,Arts,300,First,6,43.0,42.79,0.21,6.14,3,1.19,50.0,69.0,2.2,At-Risk
STU1525,Business,200,Second,4,42.25,47.39,-5.14,4.82,1,1.25,75.0,59.35,3.62,At-Risk
STU1526,Arts,100,Second,6,66.67,56.94,9.73,7.11,0,4.37,100.0,71.34,4.58,Good
STU1527,Computer Science,100,First,7,70.86,71.31,-0.45,7.53,0,4.47,100.0,100.0,5.17,Excellent
STU1528,Computer Science,200,Second,6,78.17,84.79,-6.62,5.15,0,5.0,100.0,68.96,3.81,Excellent
STU1529,Computer Science,300,First,6,58.33,61.81,-3.48,8.46,0,3.21,100.0,79.19,2.95,Average
STU1530,Business,400,Second,4,52.5,45.5,7.0,9.5,1,2.5,75.0,71.86,4.09,Average
STU1531,Arts,400,Second,4,47.75,49.76,-2.01,6.42,0,2.0,100.0,62.18,6.48,Average
STU1532,Business,200,First,6,58.5,68.17,-9.67,9.2,0,3.37,100.0,75.22,5.66,Average
STU1533,Arts,100,First,4,73.75,72.72,1.03,2.59,0,5.0,100.0,89.32,3.41,Excellent
STU1534,Arts,400,First,6,59.67,52.64,7.03,7.74,0,3.53,100.0,64.66,3.5,Good
STU1535,Engineering,400,Second,7,52.57,56.45,-3.88,11.36,1,2.88,85.71,54.79,4.81,Average
STU1536,Engineering,200,First,7,64.0,64.18,-0.18,5.35,0,4.19,100.0,93.9,3.04,Good
STU1537,Law,400,First,4,64.25,58.7,5.55,4.38,0,3.83,100.0,87.28,6.17,Good
STU1538,Law,200,First,5,54.8,57.91,-3.11,8.93,1,2.38,80.0,79.09,2.82,Average
STU1539,Arts,100,Second,7,52.14,51.24,0.9,2.64,0,2.86,100.0,96.85,0.0,Average
STU1540,Computer Science,100,First,5,54.2,54.51,-0.31,6.58,0,2.85,100.0,63.41,2.16,Average
STU1541,Engineering,300,Second,5,62.4,57.08,5.32,5.31,0,3.77,100.0,78.6,3.55,Good
STU1542,Law,300,First,4,35.25,25.0,10.25,12.83,3,0.5,25.0,56.14,0.0,At-Risk
STU1543,Medicine,400,First,5,81.4,85.1,-3.7,3.77,0,5.0,100.0,82.02,3.57,Excellent
STU1544,Engineering,100,First,4,64.75,63.68,1.07,4.15,0,3.92,100.0,75.45,2.06,Good
STU1545,Medicine,200,Second,5,55.0,51.17,3.83,3.41,0,3.27,100.0,64.21,3.39,Good
STU1546,Engineering,400,First,5,37.6,40.94,-3.34,6.53,2,0.71,60.0,58.31,4.34,At-Risk
STU1547,Computer Science,300,Second,6,65.67,64.06,1.61,6.77,0,4.24,100.0,90.19,1.19,Good
STU1548,Arts,200,First,6,67.0,65.04,1.96,5.16,0,4.11,100.0,42.02,3.03,Good
STU1549,Business,300,First,6,57.33,49.3,8.03,10.29,0,3.43,100.0,86.62,4.1,Good
STU1550,Arts,100,Second,4,57.5,64.2,-6.7,9.34,0,3.25,100.0,100.0,4.98,Average
STU1551,Engineering,300,First,6,54.17,59.65,-5.48,5.37,0,2.77,100.0,78.72,2.22,Average
STU1552,Engineering,100,Second,7,70.86,65.96,4.9,6.1,0,4.36,100.0,75.18,3.53,Excellent
STU1553,Medicine,400,Second,4,63.0,60.48,2.52,7.35,0,3.86,100.0,76.62,2.29,Good
STU1554,Arts,200,First,5,70.8,65.23,5.57,6.85,0,4.65,100.0,87.41,5.58,Excellent
STU1555,Arts,100,Second,4,56.25,55.01,1.24,7.79,0,3.08,100.0,78.93,1.36,Good
STU1556,Computer Science,100,First,7,68.0,74.22,-6.22,6.95,0,4.3,100.0,78.09,3.43,Excellent
STU1557,Computer Science,200,Second,4,71.25,68.6,2.65,3.96,0,4.7,100.0,83.75,3.67,Excellent
STU1558,Computer Science,300,Second,5,75.8,78.12,-2.32,4.31,0,4.87,100.0,77.09,5.53,Excellent
STU1559,Arts,400,Second,7,72.57,74.79,-2.22,8.97,0,4.71,100.0,76.86,3.8,Excellent
STU1560,Engineering,200,First,6,37.17,46.79,-9.62,9.04,4,0.76,33.33,52.2,0.0,At-Risk
STU1561,Computer Science,400,Second,5,74.2,73.4,0.8,5.46,0,4.86,100.0,73.94,5.33,Excellent
STU1562,Engineering,100,First,7,54.14,51.67,2.47,3.27,0,2.9,100.0,81.59,4.64,Average
STU1563,Computer Science,400,Second,4,61.75,71.03,-9.28,7.22,0,3.8,100.0,84.5,5.94,Average
STU1564,Business,300,Second,5,47.0,48.79,-1.79,3.74,0,2.0,100.0,72.95,5.91,Average
STU1565,Medicine,200,Second,6,58.67,52.64,6.03,7.23,0,3.75,100.0,65.59,2.08,Good
STU1566,Arts,200,Second,5,55.2,62.83,-7.63,6.58,0,2.94,100.0,64.05,4.45,Average
STU1567,Arts,300,Second,7,77.0,67.53,9.47,7.09,0,4.74,100.0,65.78,6.37,Excellent
STU1568,Arts,300,First,6,68.33,65.75,2.58,2.98,0,4.28,100.0,66.27,2.74,Excellent
STU1569,Engineering,300,Second,5,36.2,33.91,2.29,3.92,3,0.54,40.0,69.02,1.19,At-Risk
STU1570,Arts,100,First,7,30.14,31.95,-1.81,7.72,7,0.0,0.0,58.88,2.34,At-Risk
STU1571,Computer Science,200,Second,6,79.5,69.64,9.86,8.9,0,4.81,100.0,96.85,4.61,Excellent
STU1572,Computer Science,200,Second,5,78.0,83.5,-5.5,2.61,0,5.0,100.0,82.58,3.41,Excellent
STU1573,Engineering,300,First,7,79.14,77.12,2.02,6.27,0,5.0,100.0,92.2,4.47,Excellent
STU1574,Computer Science,200,Second,7,68.0,61.15,6.85,8.9,0,4.25,100.0,100.0,1.88,Excellent
STU1575,Engineering,100,Second,7,63.29,71.55,-8.26,7.3,0,4.0,100.0,78.87,2.11,Average
STU1576,Medicine,400,Second,4,44.75,40.01,4.74,7.15,1,1.3,75.0,66.51,0.4,At-Risk
STU1577,Business,100,First,7,57.71,43.63,14.08,8.21,0,3.32,100.0,53.98,5.24,Good
STU1578,Medicine,300,First,5,54.6,53.13,1.47,12.52,0,2.94,100.0,52.1,4.05,Average
STU1579,Business,400,First,7,75.86,73.41,2.45,4.82,0,5.0,100.0,70.13,4.4,Excellent
STU1580,Law,400,First,4,53.25,48.11,5.14,6.57,0,2.73,100.0,77.78,1.3,Average
STU1581,Law,400,First,5,63.6,70.7,-7.1,5.57,0,4.09,100.0,87.53,3.63,Average
STU1582,Business,300,First,7,65.0,65.21,-0.21,6.0,0,4.29,100.0,77.87,3.51,Good
STU1583,Computer Science,300,Second,4,71.75,76.36,-4.61,8.61,0,4.6,100.0,90.94,5.32,Excellent
STU1584,Business,300,Second,7,55.14,65.26,-10.12,4.19,0,3.0,100.0,64.02,3.09,Average
STU1585,Medicine,100,First,7,56.14,59.47,-3.33,7.1,0,3.31,100.0,63.32,3.19,Average
STU1586,Arts,200,First,4,39.0,42.14,-3.14,3.54,1,0.8,75.0,83.45,2.52,At-Risk
STU1587,Medicine,100,First,6,70.5,69.23,1.27,6.16,0,4.5,100.0,83.41,4.23,Excellent
STU1588,Arts,200,Second,5,69.0,75.56,-6.56,5.18,0,4.62,100.0,80.27,3.41,Excellent
STU1589,Computer Science,300,Second,5,41.4,44.56,-3.16,12.24,1,1.57,80.0,59.34,3.4,At-Risk
STU1590,Medicine,400,Second,5,54.4,61.27,-6.87,6.74,0,2.62,100.0,59.14,3.16,Average
STU1591,Law,100,Second,4,42.25,45.36,-3.11,7.08,1,1.44,75.0,61.82,3.07,At-Risk
STU1592,Engineering,200,Second,7,66.86,64.7,2.16,6.64,0,4.26,100.0,88.11,3.52,Good
STU1593,Law,200,First,6,52.0,50.65,1.35,8.87,0,2.6,100.0,92.7,0.11,Average
STU1594,Business,300,Second,6,72.83,71.51,1.32,7.47,0,4.73,100.0,77.01,2.07,Excellent
STU1595,Engineering,400,Second,6,70.0,75.44,-5.44,4.47,0,4.5,100.0,91.86,2.72,Excellent
STU1596,Law,100,First,7,59.0,61.12,-2.12,4.38,0,3.36,100.0,74.57,2.67,Good
STU1597,Medicine,300,First,4,63.0,65.29,-2.29,4.9,0,3.78,100.0,56.19,1.1,Good
STU1598,Medicine,100,Second,5,48.6,49.81,-1.21,11.48,1,2.07,80.0,63.57,6.61,Average
STU1599,Business,200,Second,5,62.2,59.21,2.99,7.36,0,3.67,100.0,68.17,4.1,Good
STU1600,Business,200,Second,6,80.33,74.16,6.17,7.72,0,4.86,100.0,72.9,3.87,Excellent
STU1601,Arts,300,Second,4,69.25,66.62,2.63,4.15,0,4.31,100.0,92.91,8.04,Excellent
STU1602,Engineering,100,Second,5,50.6,43.65,6.95,7.0,0,2.75,100.0,64.72,2.88,Average
STU1603,Medicine,100,Second,5,70.2,64.37,5.83,2.79,0,4.65,100.0,73.01,4.86,Excellent
STU1604,Medicine,400,First,7,65.57,70.96,-5.39,9.41,0,3.91,100.0,65.13,6.79,Average
STU1605,Medicine,400,Second,6,57.33,63.1,-5.77,5.22,0,3.21,100.0,78.73,0.41,Average
STU1606,Law,100,Second,7,59.14,57.84,1.3,8.61,0,3.5,100.0,68.52,0.87,Good
STU1607,Arts,200,First,7,66.43,64.31,2.12,3.46,0,4.32,100.0,77.95,5.86,Good
STU1608,Medicine,300,First,7,53.86,52.97,0.89,7.7,0,2.48,100.0,62.2,1.42,Average
STU1609,Law,400,First,5,74.8,78.41,-3.61,4.31,0,4.8,100.0,77.65,3.98,Excellent
STU1610,Law,100,First,7,80.29,77.51,2.78,5.65,0,5.0,100.0,72.19,4.87,Excellent
STU1611,Law,400,Second,4,74.0,79.24,-5.24,9.14,0,4.44,100.0,65.18,3.78,Excellent
STU1612,Law,200,First,5,55.4,54.23,1.17,6.59,0,3.0,100.0,69.26,5.05,Good
STU1613,Business,300,Second,5,54.0,60.33,-6.33,6.99,0,2.86,100.0,80.4,5.43,Average
STU1614,Business,100,First,6,69.83,68.27,1.56,5.64,0,4.32,100.0,90.69,3.59,Excellent
STU1615,Law,300,First,7,66.0,61.28,4.72,6.7,0,4.1,100.0,75.38,3.18,Good
STU1616,Business,300,First,7,50.14,54.54,-4.4,7.85,0,2.1,100.0,70.45,3.85,Average
STU1617,Engineering,100,First,5,54.8,50.34,4.46,10.01,0,2.93,100.0,88.28,4.53,Average
STU1618,Law,100,First,5,79.0,76.52,2.48,6.23,0,5.0,100.0,96.56,3.78,Excellent
STU1619,Medicine,300,First,6,72.5,68.72,3.78,7.8,0,4.53,100.0,69.8,3.94,Excellent
STU1620,Medicine,400,First,6,65.0,56.69,8.31,4.32,0,4.18,100.0,76.28,4.73,Good
STU1621,Engineering,200,First,7,48.86,53.35,-4.49,12.38,1,2.2,85.71,70.13,5.32,Average
STU1622,Business,400,First,6,73.17,78.9,-5.73,5.27,0,4.58,100.0,65.2,2.77,Excellent
STU1623,Business,300,Second,4,71.5,66.26,5.24,6.69,0,4.71,100.0,100.0,4.64,Excellent
STU1624,Medicine,400,First,6,58.17,58.52,-0.35,2.41,0,3.32,100.0,74.0,4.37,Good
STU1625,Medicine,400,Second,4,61.0,63.87,-2.87,4.3,0,3.64,100.0,82.08,3.57,Good
STU1626,Business,100,Second,6,40.17,40.76,-0.59,9.62,4,0.83,33.33,82.22,3.79,At-Risk
STU1627,Medicine,300,Second,7,63.29,63.95,-0.66,7.94,0,3.74,100.0,71.39,6.52,Good
STU1628,Business,300,Second,6,58.67,50.16,8.51,2.98,0,3.22,100.0,74.83,2.09,Good
STU1629,Medicine,300,First,4,71.0,68.35,2.65,10.3,0,4.23,100.0,94.91,3.65,Excellent
STU1630,Engineering,300,Second,4,39.5,28.89,10.61,11.01,2,1.3,50.0,78.61,1.13,At-Risk
STU1631,Law,300,First,5,58.0,56.05,1.95,5.06,0,3.31,100.0,68.52,1.07,Good
STU1632,Medicine,200,Second,4,66.5,68.94,-2.44,7.83,0,4.54,100.0,70.23,4.2,Good
STU1633,Engineering,200,Second,7,33.71,34.91,-1.2,12.22,4,0.67,42.86,71.14,0.0,At-Risk
STU1634,Law,400,Second,7,68.71,68.36,0.35,5.8,0,4.42,100.0,71.83,5.32,Excellent
STU1635,Arts,200,First,6,75.83,75.51,0.32,2.48,0,5.0,100.0,80.24,7.94,Excellent
STU1636,Business,200,First,5,50.0,55.26,-5.26,13.74,2,2.18,60.0,83.66,2.4,Average
STU1637,Arts,100,First,4,51.5,51.74,-0.24,5.55,0,2.67,100.0,79.5,3.48,Average
STU1638,Law,200,Second,6,68.83,69.9,-1.07,7.49,0,4.65,100.0,85.13,4.07,Excellent
STU1639,Business,200,First,7,56.14,46.7,9.44,8.34,0,3.25,100.0,92.06,4.2,Good
STU1640,Law,300,First,6,63.83,66.3,-2.47,5.01,0,3.73,100.0,47.49,5.43,Good
STU1641,Computer Science,100,Second,4,47.25,48.36,-1.11,8.04,1,1.55,75.0,80.06,3.31,Average
STU1642,Engineering,100,Second,7,59.86,63.21,-3.35,6.1,0,3.4,100.0,73.45,5.69,Average
STU1643,Law,100,Second,6,72.0,73.54,-1.54,6.16,0,4.67,100.0,87.07,2.87,Excellent
STU1644,Medicine,100,Second,7,68.57,67.8,0.77,6.43,0,4.26,100.0,94.91,5.58,Excellent
STU1645,Engineering,100,Second,6,52.17,51.5,0.67,6.04,0,2.3,100.0,84.83,4.87,Average
STU1646,Law,200,First,6,71.33,72.27,-0.94,5.41,0,4.69,100.0,79.96,6.04,Excellent
STU1647,Medicine,200,First,7,35.86,39.73,-3.87,7.85,6,0.45,14.29,69.33,3.62,At-Risk
STU1648,Computer Science,100,Second,5,82.2,79.47,2.73,6.43,0,5.0,100.0,76.07,7.16,Excellent
STU1649,Computer Science,300,Second,7,32.29,30.75,1.54,9.1,5,0.35,28.57,65.92,3.24,At-Risk
STU1650,Law,300,First,7,44.57,44.97,-0.4,6.57,1,1.68,85.71,77.15,0.24,At-Risk
STU1651,Law,400,Second,7,54.0,53.04,0.96,6.95,0,2.8,100.0,84.65,0.0,Average
STU1652,Medicine,400,Second,6,64.5,69.05,-4.55,4.23,0,4.12,100.0,72.36,3.38,Average
STU1653,Computer Science,300,First,4,62.75,62.11,0.64,5.26,0,3.71,100.0,96.09,5.05,Good
STU1654,Law,200,Second,4,52.5,52.45,0.05,5.94,0,2.6,100.0,69.68,1.14,Average
STU1655,Law,300,Second,4,57.0,59.22,-2.22,4.74,0,3.2,100.0,75.18,3.41,Good
STU1656,Business,100,Second,7,53.71,51.88,1.83,6.76,0,3.11,100.0,65.12,4.66,Average
STU1657,Computer Science,300,First,4,46.25,38.19,8.06,2.95,0,1.73,100.0,84.34,1.29,Average
STU1658,Engineering,100,First,6,75.83,81.03,-5.2,7.56,0,4.79,100.0,86.34,3.85,Excellent
STU1659,Law,400,First,5,32.0,35.21,-3.21,12.88,2,0.67,60.0,62.32,0.0,At-Risk
STU1660,Law,200,Second,6,52.67,58.07,-5.4,9.36,1,2.24,83.33,57.75,0.57,Average
STU1661,Engineering,400,First,4,66.75,74.09,-7.34,5.76,0,4.36,100.0,65.96,5.59,Average
STU1662,Arts,200,First,4,79.5,82.95,-3.45,0.87,0,5.0,100.0,81.67,7.97,Excellent
STU1663,Medicine,400,Second,5,28.6,32.81,-4.21,5.54,5,0.0,0.0,67.33,0.0,At-Risk
STU1664,Medicine,100,First,7,44.57,48.79,-4.22,10.27,1,1.6,85.71,75.45,1.62,At-Risk
STU1665,Engineering,100,Second,5,48.2,46.96,1.24,3.71,0,2.5,100.0,87.63,1.64,Average
STU1666,Medicine,400,First,5,60.0,61.62,-1.62,6.87,0,3.67,100.0,81.66,2.96,Good
STU1667,Medicine,100,First,7,46.43,46.08,0.35,10.4,2,1.76,71.43,77.08,0.9,Average
STU1668,Medicine,100,Second,7,66.86,63.48,3.38,8.25,0,4.36,100.0,85.12,6.01,Good
STU1669,Engineering,100,First,6,58.83,65.81,-6.98,4.56,0,3.33,100.0,66.25,3.48,Average
STU1670,Arts,200,Second,5,79.2,68.39,10.81,1.72,0,5.0,100.0,71.83,5.29,Excellent
STU1671,Engineering,400,Second,4,60.5,65.78,-5.28,3.91,0,3.4,100.0,80.36,4.77,Average
STU1672,Computer Science,400,Second,4,71.5,68.55,2.95,4.5,0,4.77,100.0,63.84,4.17,Excellent
STU1673,Business,300,First,5,51.4,47.42,3.98,5.12,0,2.41,100.0,68.37,3.91,Average
STU1674,Engineering,300,First,5,49.6,49.46,0.14,8.59,1,2.86,80.0,69.54,2.25,Average
STU1675,Arts,200,Second,7,55.86,51.66,4.2,4.19,0,3.19,100.0,68.67,5.37,Good
STU1676,Medicine,400,Second,7,76.29,77.42,-1.13,1.58,0,5.0,100.0,90.7,5.34,Excellent
STU1677,Law,300,Second,5,69.6,60.81,8.79,7.34,0,4.07,100.0,87.17,4.08,Excellent
STU1678,Engineering,300,Second,6,78.67,77.64,1.03,3.35,0,5.0,100.0,68.78,4.85,Excellent
STU1679,Business,200,First,6,33.0,35.06,-2.06,11.05,4,0.56,33.33,62.15,1.46,At-Risk
STU1680,Engineering,400,First,4,73.5,74.88,-1.38,4.03,0,4.82,100.0,74.55,2.13,Excellent
STU1681,Arts,200,Second,6,56.83,51.7,5.13,7.51,0,3.35,100.0,89.38,3.43,Good
STU1682,Medicine,400,Second,6,60.33,62.86,-2.53,4.57,0,3.58,100.0,76.22,4.08,Good
STU1683,Computer Science,300,Second,7,61.71,63.92,-2.21,8.91,0,3.94,100.0,67.41,1.58,Good
STU1684,Engineering,100,Second,5,44.0,45.56,-1.56,7.01,2,1.5,60.0,84.11,3.45,At-Risk
STU1685,Engineering,100,First,6,60.33,66.44,-6.11,10.58,0,3.45,100.0,66.2,1.94,Average
STU1686,Law,300,First,4,52.75,58.25,-5.5,5.58,0,3.0,100.0,73.97,4.69,Average
STU1687,Engineering,200,First,5,79.0,76.95,2.05,6.54,0,4.76,100.0,94.29,2.47,Excellent
STU1688,Business,300,First,5,45.6,55.79,-10.19,11.59,1,1.73,80.0,84.66,0.72,Average
STU1689,Law,200,First,4,46.25,44.0,2.25,7.22,1,1.67,75.0,67.61,0.0,Average
STU1690,Business,300,First,4,68.0,80.01,-12.01,5.52,0,4.25,100.0,72.1,4.52,Excellent
STU1691,Medicine,100,Second,5,46.6,38.97,7.63,9.91,2,1.4,60.0,71.82,0.87,At-Risk
STU1692,Computer Science,100,First,5,54.2,54.59,-0.39,5.42,0,3.17,100.0,73.4,3.4,Average
STU1693,Arts,200,Second,5,64.4,70.21,-5.81,3.88,0,3.79,100.0,95.33,5.13,Average
STU1694,Medicine,400,Second,4,82.5,74.16,8.34,5.12,0,5.0,100.0,79.22,1.39,Excellent
STU1695,Business,200,First,5,46.4,40.78,5.62,9.07,1,1.69,80.0,44.52,2.32,Average
STU1696,Arts,300,Second,6,28.83,29.79,-0.96,9.69,5,0.2,16.67,68.13,0.72,At-Risk
STU1697,Business,100,First,5,41.4,47.18,-5.78,4.36,1,1.14,80.0,76.48,0.64,At-Risk
STU1698,Engineering,200,First,5,44.6,51.93,-7.33,6.53,1,1.33,80.0,48.12,2.39,At-Risk
STU1699,Computer Science,100,Second,7,65.14,63.63,1.51,4.64,0,4.11,100.0,82.15,4.46,Good
STU1700,Law,400,First,5,77.6,79.44,-1.84,5.89,0,4.8,100.0,83.56,6.3,Excellent
STU1701,Law,400,Second,4,49.25,58.08,-8.83,12.79,1,2.83,75.0,67.56,1.81,Average
STU1702,Computer Science,300,Second,7,57.86,57.08,0.78,5.99,0,3.13,100.0,95.34,2.8,Good
STU1703,Computer Science,200,Second,7,42.43,44.21,-1.78,8.05,4,1.1,42.86,72.92,0.92,At-Risk
STU1704,Computer Science,300,First,7,55.57,65.38,-9.81,8.73,0,3.0,100.0,87.67,4.28,Average
STU1705,Arts,300,Second,7,50.29,50.7,-0.41,6.84,0,2.48,100.0,71.6,4.12,Average
STU1706,Computer Science,100,Second,4,80.75,83.26,-2.51,4.82,0,5.0,100.0,74.1,4.68,Excellent
STU1707,Law,400,Second,7,47.43,54.38,-6.95,1.84,0,1.92,100.0,60.32,2.08,Average
STU1708,Law,300,Second,6,44.33,38.08,6.25,5.25,1,1.72,83.33,52.6,4.59,At-Risk
STU1709,Law,100,First,6,76.5,69.41,7.09,6.02,0,4.83,100.0,56.55,6.49,Excellent
STU1710,Computer Science,300,First,5,49.2,50.33,-1.13,5.56,0,2.31,100.0,73.55,1.02,Average
STU1711,Engineering,300,First,7,54.57,56.36,-1.79,7.69,1,2.7,85.71,68.85,4.3,Average
STU1712,Business,100,First,5,72.6,70.56,2.04,9.73,0,4.47,100.0,61.47,6.8,Excellent
STU1713,Medicine,400,First,5,45.6,47.73,-2.13,6.34,2,1.61,60.0,62.25,3.54,Average
STU1714,Law,100,First,7,53.29,57.18,-3.89,5.44,0,2.78,100.0,71.89,2.63,Average
STU1715,Engineering,300,First,5,55.2,55.37,-0.17,4.02,0,3.15,100.0,76.97,0.88,Good
STU1716,Engineering,200,First,7,54.43,58.62,-4.19,5.15,0,3.2,100.0,85.75,4.53,Average
STU1717,Computer Science,300,Second,6,78.33,81.29,-2.96,6.77,0,4.89,100.0,83.01,7.64,Excellent
STU1718,Law,200,Second,7,79.14,81.55,-2.41,4.05,0,5.0,100.0,72.65,4.34,Excellent
STU1719,Engineering,100,First,6,77.83,70.46,7.37,4.91,0,5.0,100.0,74.93,6.68,Excellent
STU1720,Law,100,Second,6,33.83,36.09,-2.26,11.96,4,0.58,33.33,69.61,1.49,At-Risk
STU1721,Arts,300,First,7,40.71,46.57,-5.86,7.63,3,1.26,57.14,75.88,4.4,At-Risk
STU1722,Computer Science,200,First,5,58.0,51.12,6.88,9.63,0,2.94,100.0,75.29,3.86,Good
STU1723,Arts,300,Second,6,57.83,61.12,-3.29,11.35,0,3.27,100.0,72.26,2.56,Average
STU1724,Arts,400,Second,4,51.75,45.29,6.46,9.12,1,2.31,75.0,71.81,1.38,Average
STU1725,Engineering,100,First,7,28.57,25.5,3.07,9.68,5,0.5,28.57,67.21,2.73,At-Risk
STU1726,Arts,300,First,7,48.14,39.46,8.68,12.22,3,1.8,57.14,59.58,0.7,At-Risk
STU1727,Medicine,400,First,5,71.2,64.93,6.27,5.42,0,4.54,100.0,72.14,4.07,Excellent
STU1728,Engineering,400,Second,4,53.75,52.76,0.99,7.4,0,2.5,100.0,79.45,2.82,Average
STU1729,Business,300,Second,6,51.67,39.45,12.22,8.34,1,2.79,83.33,73.91,4.01,Average
STU1730,Business,400,Second,4,30.75,17.05,13.7,9.6,3,0.18,25.0,59.35,2.94,At-Risk
STU1731,Medicine,300,Second,5,55.8,60.93,-5.13,7.44,0,3.0,100.0,81.32,4.3,Average
STU1732,Medicine,200,First,4,65.0,66.79,-1.79,2.12,0,4.0,100.0,68.71,4.01,Good
STU1733,Arts,100,Second,4,53.25,45.22,8.03,6.42,0,3.0,100.0,89.75,3.39,Average
STU1734,Engineering,100,First,4,77.0,75.92,1.08,2.24,0,5.0,100.0,93.45,4.76,Excellent
STU1735,Law,400,First,7,55.71,62.4,-6.69,4.56,0,3.13,100.0,78.24,1.43,Average
STU1736,Engineering,100,First,5,71.0,68.07,2.93,2.61,0,4.59,100.0,77.96,4.25,Excellent
STU1737,Computer Science,200,Second,6,59.0,54.17,4.83,11.75,1,3.67,83.33,65.83,6.19,Good
STU1738,Engineering,300,First,5,30.2,38.56,-8.36,9.83,4,0.27,20.0,62.69,0.0,At-Risk
STU1739,Engineering,300,Second,7,69.71,71.99,-2.28,5.28,0,4.38,100.0,79.52,5.97,Excellent
STU1740,Arts,100,First,6,66.83,63.57,3.26,6.2,0,4.15,100.0,74.39,1.24,Good
STU1741,Law,400,First,4,62.25,54.55,7.7,1.3,0,4.0,100.0,79.46,7.21,Good
STU1742,Engineering,100,First,5,70.4,64.49,5.91,6.15,0,4.6,100.0,68.16,4.87,Excellent
STU1743,Business,400,Second,7,48.14,49.25,-1.11,12.89,1,1.83,85.71,62.04,3.38,Average
STU1744,Engineering,300,Second,6,78.67,79.51,-0.84,6.7,0,4.84,100.0,84.04,2.9,Excellent
STU1745,Law,100,Second,4,60.75,53.85,6.9,6.18,0,3.71,100.0,84.91,5.69,Good
STU1746,Medicine,300,Second,5,70.4,71.37,-0.97,4.32,0,4.5,100.0,71.4,5.97,Excellent
STU1747,Engineering,200,First,6,63.17,59.8,3.37,6.77,0,3.67,100.0,84.12,3.6,Good
STU1748,Arts,100,Second,6,68.0,65.29,2.71,6.51,0,4.06,100.0,72.31,3.76,Excellent
STU1749,Law,300,First,5,74.8,66.48,8.32,3.43,0,4.71,100.0,82.06,3.47,Excellent
STU1750,Arts,400,Second,7,63.29,63.43,-0.14,1.98,0,4.0,100.0,84.63,4.7,Good
STU1751,Law,400,Second,4,66.5,67.35,-0.85,9.63,0,4.27,100.0,83.01,5.04,Good
STU1752,Computer Science,100,Second,7,47.29,54.02,-6.73,5.47,0,1.81,100.0,79.33,0.0,Average
STU1753,Computer Science,100,Second,5,53.0,52.7,0.3,8.56,0,2.53,100.0,75.62,6.78,Average
STU1754,Arts,400,First,4,58.75,52.53,6.22,3.34,0,3.55,100.0,57.21,4.47,Good
STU1755,Business,300,First,6,52.17,49.07,3.1,6.91,0,2.93,100.0,70.34,1.61,Average
STU1756,Law,400,Second,6,54.83,47.26,7.57,9.48,0,3.22,100.0,60.98,4.87,Average
STU1757,Arts,300,Second,7,79.71,76.08,3.63,5.39,0,5.0,100.0,83.18,5.79,Excellent
STU1758,Engineering,400,First,4,66.5,64.06,2.44,2.18,0,4.17,100.0,68.01,8.44,Good
STU1759,Law,200,First,4,54.75,63.64,-8.89,9.2,1,2.54,75.0,85.4,3.49,Average
STU1760,Arts,100,First,6,50.17,47.3,2.87,8.49,0,2.26,100.0,72.75,2.54,Average
STU1761,Engineering,200,First,5,67.0,73.41,-6.41,7.07,0,4.15,100.0,82.64,3.85,Average
STU1762,Law,300,Second,6,54.17,53.21,0.96,10.45,0,2.62,100.0,76.36,3.51,Average
STU1763,Arts,300,First,5,50.6,51.57,-0.97,8.01,1,2.21,80.0,78.69,1.95,Average
STU1764,Engineering,200,First,5,60.0,60.03,-0.03,7.95,0,3.53,100.0,83.75,2.58,Good
STU1765,Medicine,300,Second,5,53.4,55.54,-2.14,3.88,0,3.0,100.0,75.85,3.61,Average
STU1766,Medicine,200,First,7,45.0,43.45,1.55,7.09,1,1.6,85.71,76.6,1.37,Average
STU1767,Computer Science,200,First,4,66.5,73.3,-6.8,8.2,0,4.0,100.0,70.18,5.93,Average
STU1768,Engineering,200,Second,7,62.43,60.9,1.53,8.52,0,3.85,100.0,66.52,4.04,Good
STU1769,Computer Science,300,First,7,60.57,55.65,4.92,5.83,0,3.68,100.0,73.72,3.43,Good
STU1770,Medicine,300,Second,6,63.33,71.32,-7.99,9.81,0,3.83,100.0,82.65,5.75,Average
STU1771,Medicine,400,First,6,65.67,63.14,2.53,5.73,0,4.32,100.0,54.97,4.02,Good
STU1772,Medicine,200,Second,5,62.2,59.17,3.03,10.96,0,3.91,100.0,84.17,2.7,Good
STU1773,Engineering,300,First,6,54.17,53.36,0.81,7.31,0,2.88,100.0,85.42,3.94,Average
STU1774,Law,300,First,4,49.75,56.68,-6.93,12.07,1,1.92,75.0,65.76,7.2,Average
STU1775,Business,200,Second,7,76.29,76.94,-0.65,4.56,0,5.0,100.0,74.64,3.42,Excellent
STU1776,Engineering,300,Second,7,54.43,52.64,1.79,4.37,0,3.0,100.0,82.45,4.69,Average
STU1777,Engineering,200,Second,6,43.17,40.99,2.18,11.32,2,1.71,66.67,80.11,1.29,At-Risk
STU1778,Business,300,Second,7,49.0,52.05,-3.05,7.58,1,2.38,85.71,75.42,3.59,Average
STU1779,Arts,200,Second,7,68.14,64.09,4.05,5.99,0,4.61,100.0,69.43,3.28,Excellent
STU1780,Arts,200,Second,6,41.5,47.15,-5.65,8.42,2,0.94,66.67,71.83,3.89,At-Risk
STU1781,Computer Science,200,First,6,76.0,79.28,-3.28,1.73,0,5.0,100.0,95.37,7.89,Excellent
STU1782,Medicine,100,Second,4,34.75,29.12,5.63,1.92,4,0.0,0.0,65.11,0.0,At-Risk
STU1783,Business,100,First,5,43.0,53.74,-10.74,5.1,2,1.22,60.0,79.73,0.0,At-Risk
STU1784,Business,100,Second,6,68.17,70.54,-2.37,3.29,0,4.48,100.0,68.64,5.16,Excellent
STU1785,Law,300,Second,7,56.71,65.02,-8.31,10.54,0,2.79,100.0,73.65,3.54,Average
STU1786,Engineering,200,First,6,44.67,48.63,-3.96,6.02,1,1.36,83.33,75.85,4.33,At-Risk
STU1787,Computer Science,100,First,6,57.0,58.27,-1.27,6.38,0,3.24,100.0,72.2,2.59,Good
STU1788,Arts,300,First,4,22.75,26.02,-3.27,8.64,4,0.0,0.0,55.36,4.81,At-Risk
STU1789,Computer Science,300,First,7,55.14,56.05,-0.91,7.28,0,2.91,100.0,66.96,3.02,Good
STU1790,Engineering,100,Second,7,48.0,47.07,0.93,7.56,1,2.11,85.71,87.15,1.68,Average
STU1791,Engineering,200,Second,6,80.5,80.99,-0.49,6.21,0,5.0,100.0,72.76,5.91,Excellent
STU1792,Business,200,Second,4,49.75,36.12,13.63,15.19,1,1.67,75.0,95.74,1.36,Average
STU1793,Computer Science,100,Second,7,65.14,71.17,-6.03,9.57,0,4.11,100.0,81.77,2.99,Average
STU1794,Medicine,100,First,4,59.25,60.17,-0.92,12.32,0,3.31,100.0,79.72,3.07,Good
STU1795,Business,200,Second,7,56.14,57.46,-1.32,8.49,0,3.1,100.0,67.87,1.39,Good
STU1796,Engineering,400,Second,7,67.0,60.76,6.24,7.87,0,4.06,100.0,83.44,1.65,Good
STU1797,Law,300,First,6,65.5,59.67,5.83,6.6,0,4.05,100.0,73.52,3.97,Good
STU1798,Engineering,200,Second,7,75.29,65.69,9.6,8.28,0,4.74,100.0,83.58,4.45,Excellent
STU1799,Business,200,Second,4,70.75,68.36,2.39,2.86,0,4.5,100.0,75.48,5.6,Excellent
STU1800,Medicine,300,First,4,50.25,56.31,-6.06,5.76,0,2.54,100.0,74.38,3.57,Average
STU1801,Arts,200,Second,4,43.0,41.13,1.87,3.08,0,1.18,100.0,70.16,3.7,At-Risk
STU1802,Medicine,200,Second,7,45.71,43.69,2.02,12.88,1,1.91,85.71,57.08,1.79,Average
STU1803,Business,300,First,5,44.6,30.76,13.84,4.54,1,1.35,80.0,55.98,3.85,At-Risk
STU1804,Business,400,Second,5,55.4,56.71,-1.31,10.59,0,3.08,100.0,68.55,1.69,Good
STU1805,Arts,400,Second,6,65.33,59.99,5.34,8.42,0,4.3,100.0,84.91,4.31,Good
STU1806,Computer Science,400,Second,4,68.25,73.45,-5.2,7.69,0,4.57,100.0,74.05,3.58,Excellent
STU1807,Engineering,400,First,5,61.6,56.15,5.45,8.26,0,4.0,100.0,68.03,3.68,Good
STU1808,Business,400,Second,4,82.75,93.43,-10.68,3.96,0,5.0,100.0,86.16,3.57,Excellent
STU1809,Business,200,Second,4,70.25,79.42,-9.17,7.4,0,4.4,100.0,88.16,6.01,Excellent
STU1810,Business,300,Second,4,77.0,72.04,4.96,1.58,0,5.0,100.0,74.67,1.78,Excellent
STU1811,Medicine,200,Second,7,29.71,32.8,-3.09,6.13,7,0.0,0.0,76.93,1.06,At-Risk
STU1812,Business,300,Second,6,67.5,67.33,0.17,3.95,0,4.38,100.0,93.54,2.19,Good
STU1813,Medicine,400,First,6,69.0,70.27,-1.27,4.62,0,4.65,100.0,74.94,4.64,Excellent
STU1814,Law,200,First,7,75.43,75.78,-0.35,6.0,0,4.83,100.0,71.06,8.19,Excellent
STU1815,Business,300,First,5,34.0,32.87,1.13,7.77,4,0.4,20.0,60.39,1.75,At-Risk
STU1816,Business,300,First,4,59.5,59.78,-0.28,4.72,0,3.38,100.0,73.37,6.76,Good
STU1817,Medicine,200,Second,4,67.5,65.69,1.81,2.6,0,4.5,100.0,85.71,4.54,Good
STU1818,Law,100,First,5,64.6,63.8,0.8,2.8,0,4.0,100.0,78.52,3.92,Good
STU1819,Engineering,400,First,4,78.25,74.71,3.54,4.97,0,5.0,100.0,76.25,2.05,Excellent
STU1820,Business,400,First,6,78.5,78.4,0.1,2.29,0,5.0,100.0,76.47,2.97,Excellent
STU1821,Business,300,First,4,25.75,37.86,-12.11,10.21,3,0.33,25.0,41.99,0.08,At-Risk
STU1822,Business,100,Second,6,56.17,53.96,2.21,7.92,0,3.06,100.0,73.43,0.69,Good
STU1823,Computer Science,400,Second,5,54.2,53.94,0.26,9.93,1,3.08,80.0,96.33,4.01,Average
STU1824,Computer Science,100,First,5,68.8,67.7,1.1,5.64,0,4.6,100.0,70.87,1.38,Excellent
STU1825,Medicine,200,First,4,69.75,73.64,-3.89,3.9,0,4.54,100.0,80.39,4.79,Excellent
STU1826,Engineering,200,First,4,35.25,44.56,-9.31,4.32,3,0.18,25.0,74.92,3.49,At-Risk
STU1827,Arts,400,First,7,55.86,51.76,4.1,10.4,1,3.2,85.71,63.37,1.99,Good
STU1828,Arts,400,First,4,70.25,68.8,1.45,3.27,0,4.73,100.0,70.69,5.57,Excellent
STU1829,Business,400,Second,5,41.6,38.99,2.61,9.29,2,1.07,60.0,98.03,0.0,At-Risk
STU1830,Computer Science,300,First,5,55.6,57.04,-1.44,3.38,0,3.2,100.0,77.72,5.57,Good
STU1831,Law,400,Second,5,56.2,58.32,-2.12,2.4,0,3.13,100.0,64.61,3.93,Good
STU1832,Engineering,400,Second,6,83.0,73.72,9.28,8.35,0,4.85,100.0,76.0,4.86,Excellent
STU1833,Engineering,300,Second,4,53.5,66.51,-13.01,5.72,0,3.15,100.0,68.11,4.35,Average
STU1834,Medicine,300,Second,5,57.4,64.03,-6.63,3.67,0,3.27,100.0,84.68,2.89,Average
STU1835,Law,300,First,5,30.2,33.87,-3.67,13.29,4,0.44,20.0,84.56,3.85,At-Risk
STU1836,Medicine,200,First,5,55.8,58.87,-3.07,10.57,0,3.35,100.0,57.41,2.37,Average
STU1837,Arts,300,First,7,48.14,40.97,7.17,9.72,2,2.18,71.43,80.42,4.6,Average
STU1838,Medicine,400,Second,6,43.33,36.7,6.63,7.06,1,1.48,83.33,56.47,2.57,At-Risk
STU1839,Business,300,Second,7,50.0,53.85,-3.85,8.47,1,2.28,85.71,88.89,1.52,Average
STU1840,Law,100,First,7,66.86,66.89,-0.03,4.39,0,4.15,100.0,69.21,6.28,Good
STU1841,Arts,300,First,4,54.0,55.39,-1.39,5.96,0,3.08,100.0,67.92,3.6,Average
STU1842,Medicine,300,Second,7,57.43,57.37,0.06,6.82,0,3.42,100.0,66.44,2.06,Good
STU1843,Computer Science,300,First,4,29.75,28.75,1.0,11.9,3,0.36,25.0,67.14,2.71,At-Risk
STU1844,Medicine,100,First,5,48.6,49.97,-1.37,7.17,0,2.23,100.0,56.9,4.85,Average
STU1845,Medicine,300,First,7,59.14,53.87,5.27,8.68,0,3.64,100.0,77.71,4.25,Good
STU1846,Law,300,Second,4,71.25,68.63,2.62,10.78,0,4.45,100.0,61.79,4.13,Excellent
STU1847,Medicine,100,First,7,56.0,58.31,-2.31,7.15,0,3.0,100.0,75.67,4.74,Good
STU1848,Business,100,Second,4,57.75,56.33,1.42,7.79,0,3.25,100.0,67.5,1.48,Good
STU1849,Medicine,400,Second,4,55.0,56.85,-1.85,9.41,0,2.5,100.0,72.34,2.9,Good
STU1850,Engineering,200,Second,5,69.6,67.3,2.3,3.2,0,4.41,100.0,84.68,2.54,Excellent
STU1851,Computer Science,200,First,7,76.71,76.85,-0.14,6.11,0,4.81,100.0,92.18,4.45,Excellent
STU1852,Computer Science,200,First,6,67.5,65.72,1.78,8.1,0,4.41,100.0,82.98,2.95,Good
STU1853,Medicine,400,Second,4,65.75,65.78,-0.03,9.63,0,3.9,100.0,64.18,3.01,Good
STU1854,Engineering,400,First,5,36.8,28.85,7.95,7.86,3,0.5,40.0,70.53,4.76,At-Risk
STU1855,Medicine,100,Second,5,53.8,54.18,-0.38,4.12,0,2.86,100.0,82.06,1.74,Average
STU1856,Medicine,200,Second,5,58.6,58.97,-0.37,3.14,0,3.47,100.0,69.48,2.61,Good
STU1857,Arts,300,Second,6,71.0,62.69,8.31,3.16,0,4.6,100.0,92.1,6.08,Excellent
STU1858,Law,200,First,7,48.86,41.66,7.2,9.34,1,1.89,85.71,44.89,1.97,Average
STU1859,Computer Science,100,Second,7,57.29,59.05,-1.76,9.04,0,3.21,100.0,73.37,2.75,Good
STU1860,Arts,400,Second,7,50.43,56.29,-5.86,8.8,1,2.7,85.71,74.13,3.99,Average
STU1861,Medicine,200,Second,6,55.83,56.45,-0.62,7.1,0,3.0,100.0,68.63,5.05,Good
STU1862,Law,100,First,7,44.29,54.28,-9.99,9.05,2,1.57,71.43,65.16,0.19,At-Risk
STU1863,Arts,200,Second,5,54.2,46.31,7.89,5.11,0,2.94,100.0,57.94,4.79,Average
STU1864,Arts,200,First,6,48.83,40.78,8.05,9.89,1,1.67,83.33,59.1,3.45,Average
STU1865,Computer Science,400,First,4,49.75,52.69,-2.94,14.57,1,2.38,75.0,83.29,3.05,Average
STU1866,Law,400,First,5,53.4,47.47,5.93,6.97,0,2.47,100.0,74.39,5.68,Average
STU1867,Arts,100,Second,5,71.2,63.68,7.52,4.17,0,4.79,100.0,87.0,4.68,Excellent
STU1868,Medicine,300,Second,6,35.83,35.01,0.82,6.62,4,0.47,33.33,55.38,0.0,At-Risk
STU1869,Medicine,100,First,7,43.0,34.23,8.77,5.66,3,1.31,57.14,75.01,6.06,At-Risk
STU1870,Computer Science,100,Second,7,80.57,78.29,2.28,7.52,0,5.0,100.0,86.82,6.19,Excellent
STU1871,Engineering,400,First,6,33.0,29.15,3.85,11.53,4,0.53,33.33,57.64,0.16,At-Risk
STU1872,Computer Science,200,First,5,55.0,49.46,5.54,3.74,0,3.06,100.0,85.5,1.63,Good
STU1873,Medicine,400,Second,5,53.8,57.34,-3.54,9.68,1,2.53,80.0,66.1,3.52,Average
STU1874,Computer Science,200,Second,5,58.8,60.65,-1.85,6.18,0,3.36,100.0,76.4,7.15,Good
STU1875,Engineering,300,First,6,32.17,36.44,-4.27,8.84,5,0.44,16.67,64.32,3.3,At-Risk
STU1876,Medicine,300,First,4,52.0,56.04,-4.04,4.24,0,2.73,100.0,76.73,2.86,Average
STU1877,Arts,300,First,5,69.0,65.36,3.64,6.99,0,4.31,100.0,82.49,6.17,Excellent
STU1878,Arts,400,Second,6,46.67,53.84,-7.17,4.57,0,2.12,100.0,60.34,3.57,Average
STU1879,Business,400,Second,4,41.0,39.22,1.78,9.19,1,1.17,75.0,84.49,2.99,At-Risk
STU1880,Engineering,400,Second,6,50.33,56.11,-5.78,10.8,1,2.25,83.33,81.19,3.84,Average
STU1881,Medicine,300,First,6,67.5,63.64,3.86,6.97,0,4.0,100.0,85.2,2.91,Good
STU1882,Engineering,100,First,5,32.4,36.36,-3.96,11.96,4,0.4,20.0,68.97,1.31,At-Risk
STU1883,Law,400,Second,7,74.29,75.05,-0.76,4.06,0,4.8,100.0,100.0,4.75,Excellent
STU1884,Business,100,First,7,56.14,55.27,0.87,10.67,1,2.57,85.71,50.65,3.85,Good
STU1885,Computer Science,400,Second,7,51.71,45.14,6.57,7.52,1,2.2,85.71,82.31,0.0,Average
STU1886,Medicine,400,First,4,57.0,53.94,3.06,5.1,0,3.57,100.0,83.61,2.0,Good
STU1887,Engineering,200,First,7,67.71,71.46,-3.75,6.43,0,4.2,100.0,84.11,3.5,Average
STU1888,Computer Science,100,First,7,76.71,81.04,-4.33,6.06,0,4.85,100.0,93.68,5.14,Excellent
STU1889,Arts,200,First,7,60.29,61.28,-0.99,5.42,0,3.52,100.0,65.32,4.08,Good
STU1890,Arts,400,First,4,46.5,44.65,1.85,6.69,1,1.77,75.0,73.57,0.71,Average
STU1891,Computer Science,400,First,4,66.0,60.8,5.2,4.95,0,4.08,100.0,89.16,6.0,Good
STU1892,Medicine,200,First,7,80.43,79.82,0.61,4.78,0,5.0,100.0,94.32,6.6,Excellent
STU1893,Engineering,300,First,7,58.0,50.1,7.9,5.26,0,3.33,100.0,91.78,1.56,Good
STU1894,Engineering,300,Second,5,45.2,37.51,7.69,4.45,0,1.53,100.0,54.67,2.49,Average
STU1895,Arts,400,Second,7,62.71,61.61,1.1,7.99,0,3.75,100.0,79.11,5.42,Good
STU1896,Law,100,First,5,47.8,48.71,-0.91,4.26,0,1.73,100.0,79.66,2.55,Average
STU1897,Computer Science,400,First,4,61.25,56.16,5.09,3.7,0,3.71,100.0,64.02,4.13,Good
STU1898,Engineering,400,Second,6,70.0,67.47,2.53,3.87,0,4.5,100.0,66.54,4.01,Excellent
STU1899,Business,300,Second,4,77.0,71.96,5.04,6.6,0,4.8,100.0,74.7,6.0,Excellent
STU1900,Engineering,200,Second,4,72.5,67.54,4.96,7.09,0,4.5,100.0,79.75,2.65,Excellent
STU1901,Arts,100,First,5,65.6,56.8,8.8,3.72,0,4.25,100.0,78.41,4.02,Good
STU1902,Medicine,200,Second,4,49.75,49.42,0.33,8.41,0,2.33,100.0,80.06,3.31,Average
STU1903,Engineering,200,Second,4,79.25,77.58,1.67,7.66,0,4.78,100.0,70.96,6.93,Excellent
STU1904,Medicine,100,Second,5,63.8,60.94,2.86,1.94,0,4.0,100.0,73.18,6.75,Good
STU1905,Arts,300,First,7,59.43,61.37,-1.94,6.76,0,3.61,100.0,80.09,1.9,Good
STU1906,Law,400,First,5,76.8,80.51,-3.71,5.23,0,4.73,100.0,81.85,4.93,Excellent
STU1907,Engineering,400,Second,5,61.6,61.54,0.06,3.72,0,3.83,100.0,81.82,4.28,Good
STU1908,Medicine,300,Second,6,76.33,84.39,-8.06,4.07,0,4.8,100.0,92.39,5.5,Excellent
STU1909,Engineering,300,Second,7,56.0,46.29,9.71,6.09,0,3.23,100.0,87.02,6.04,Good
STU1910,Arts,100,Second,6,72.17,71.88,0.29,5.64,0,4.71,100.0,69.99,3.75,Excellent
STU1911,Arts,400,First,5,28.2,35.31,-7.11,10.26,4,0.44,20.0,69.96,0.0,At-Risk
STU1912,Medicine,100,First,4,77.25,72.23,5.02,7.01,0,5.0,100.0,70.24,3.12,Excellent
STU1913,Engineering,300,Second,6,75.83,75.92,-0.09,7.78,0,4.81,100.0,80.67,3.56,Excellent
STU1914,Medicine,300,Second,5,76.2,86.31,-10.11,2.48,0,5.0,100.0,96.43,4.51,Excellent
STU1915,Law,100,Second,4,56.25,52.7,3.55,9.44,0,2.92,100.0,79.2,2.07,Good
STU1916,Law,300,First,6,65.0,62.07,2.93,5.54,0,4.18,100.0,90.5,6.28,Good
STU1917,Law,400,First,5,62.0,56.57,5.43,3.16,0,3.71,100.0,74.06,3.84,Good
STU1918,Medicine,100,Second,6,66.17,67.72,-1.55,6.34,0,4.42,100.0,79.13,3.74,Good
STU1919,Business,200,First,5,70.2,61.94,8.26,2.93,0,4.4,100.0,76.38,5.57,Excellent
STU1920,Arts,400,First,4,79.0,81.77,-2.77,4.3,0,5.0,100.0,83.6,6.13,Excellent
STU1921,Business,300,Second,4,79.0,76.24,2.76,3.94,0,5.0,100.0,87.38,4.31,Excellent
STU1922,Medicine,100,Second,5,64.2,67.99,-3.79,4.31,0,4.12,100.0,72.8,4.66,Average
STU1923,Arts,300,First,5,65.8,67.44,-1.64,5.04,0,4.13,100.0,97.53,4.84,Good
STU1924,Computer Science,400,Second,5,55.8,50.15,5.65,5.74,0,3.0,100.0,77.15,4.1,Good
STU1925,Arts,400,Second,6,80.17,71.14,9.03,7.71,0,5.0,100.0,91.84,5.07,Excellent
STU1926,Law,200,First,5,55.8,58.53,-2.73,4.4,0,3.25,100.0,63.71,2.77,Good
STU1927,Medicine,200,Second,4,63.75,58.21,5.54,3.96,0,3.8,100.0,68.51,4.35,Good
STU1928,Medicine,400,First,7,72.14,79.01,-6.87,6.98,0,4.78,100.0,87.7,4.55,Excellent
STU1929,Arts,100,First,6,47.67,43.35,4.32,11.71,2,1.8,66.67,73.53,3.15,Average
STU1930,Business,200,Second,5,58.6,54.21,4.39,11.29,0,3.13,100.0,84.4,4.29,Good
STU1931,Business,200,First,7,44.57,53.67,-9.1,7.35,2,1.57,71.43,87.29,0.23,At-Risk
STU1932,Business,400,First,7,58.86,55.76,3.1,10.02,0,3.18,100.0,67.99,3.09,Good
STU1933,Medicine,400,First,5,78.2,78.26,-0.06,4.26,0,5.0,100.0,97.33,3.19,Excellent
STU1934,Medicine,300,Second,7,75.0,67.46,7.54,4.99,0,4.85,100.0,89.81,7.31,Excellent
STU1935,Arts,100,Second,4,38.75,52.75,-14.0,11.92,2,1.5,50.0,68.72,0.0,At-Risk
STU1936,Business,300,First,7,80.86,88.5,-7.64,6.6,0,5.0,100.0,72.15,3.03,Excellent
STU1937,Law,300,First,4,66.75,68.72,-1.97,8.47,0,4.42,100.0,68.78,4.33,Good
STU1938,Engineering,300,Second,7,79.86,77.54,2.32,3.44,0,5.0,100.0,71.49,3.25,Excellent
STU1939,Business,400,First,6,49.5,47.39,2.11,5.56,0,2.1,100.0,65.12,2.37,Average
STU1940,Arts,400,First,6,39.33,39.88,-0.55,7.54,3,1.11,50.0,71.64,0.0,At-Risk
STU1941,Business,400,First,7,57.71,60.05,-2.34,6.71,0,3.24,100.0,72.56,7.48,Good
STU1942,Business,100,Second,5,71.2,82.84,-11.64,5.88,0,4.53,100.0,83.2,5.32,Excellent
STU1943,Business,400,Second,7,36.0,37.75,-1.75,4.81,5,0.3,28.57,63.0,2.25,At-Risk
STU1944,Engineering,400,Second,5,64.8,67.81,-3.01,2.32,0,4.0,100.0,89.26,3.44,Average
STU1945,Computer Science,400,Second,7,48.43,51.7,-3.27,13.17,2,1.81,71.43,66.74,3.32,Average
STU1946,Arts,300,First,7,51.14,53.93,-2.79,11.19,2,2.12,71.43,78.87,1.32,Average
STU1947,Medicine,100,First,6,37.5,32.86,4.64,9.27,3,0.84,50.0,83.31,3.83,At-Risk
STU1948,Business,300,Second,6,58.0,60.22,-2.22,7.23,0,2.85,100.0,70.04,4.14,Good
STU1949,Medicine,100,Second,4,68.0,71.13,-3.13,9.87,0,3.92,100.0,62.48,2.48,Excellent
STU1950,Medicine,100,First,4,63.0,62.15,0.85,4.3,0,4.07,100.0,91.2,1.53,Good
STU1951,Law,400,Second,4,75.5,75.98,-0.48,7.23,0,4.71,100.0,63.21,3.44,Excellent
STU1952,Business,400,First,5,82.2,83.03,-0.83,3.43,0,5.0,100.0,81.07,4.56,Excellent
STU1953,Engineering,400,Second,4,47.25,50.56,-3.31,14.04,1,2.25,75.0,63.92,2.27,Average
STU1954,Law,400,Second,7,78.71,82.36,-3.65,3.99,0,5.0,100.0,84.8,5.51,Excellent
STU1955,Computer Science,400,First,5,55.4,45.56,9.84,7.74,0,2.85,100.0,64.43,2.0,Good
STU1956,Business,400,First,6,43.67,35.24,8.43,8.2,2,1.27,66.67,68.96,2.6,At-Risk
STU1957,Law,400,First,6,57.17,65.13,-7.96,6.64,0,3.06,100.0,88.44,6.08,Average
STU1958,Engineering,300,First,7,66.29,68.85,-2.56,8.79,0,4.25,100.0,81.86,4.08,Good
STU1959,Engineering,400,Second,4,59.25,56.77,2.48,4.02,0,3.46,100.0,87.97,2.01,Good
STU1960,Engineering,300,Second,5,69.8,70.29,-0.49,4.12,0,4.62,100.0,83.17,4.92,Excellent
STU1961,Law,300,Second,7,61.0,69.39,-8.39,7.33,0,3.62,100.0,77.64,3.09,Average
STU1962,Law,400,Second,5,74.6,68.32,6.28,5.89,0,4.86,100.0,77.82,5.86,Excellent
STU1963,Engineering,100,Second,6,68.17,68.56,-0.39,4.98,0,4.29,100.0,100.0,5.71,Excellent
STU1964,Medicine,100,First,7,32.29,36.53,-4.24,5.9,6,0.19,14.29,66.13,0.0,At-Risk
STU1965,Computer Science,200,Second,7,68.57,63.97,4.6,6.41,0,4.5,100.0,71.52,5.22,Excellent
STU1966,Arts,200,Second,7,56.57,59.09,-2.52,2.61,0,3.17,100.0,71.6,3.28,Good
STU1967,Medicine,100,Second,6,78.67,82.37,-3.7,4.96,0,5.0,100.0,63.94,7.2,Excellent
STU1968,Law,200,Second,5,44.2,55.32,-11.12,7.41,1,1.83,80.0,86.74,2.56,At-Risk
STU1969,Business,400,First,7,45.29,42.6,2.69,10.18,1,2.2,85.71,67.49,3.26,Average
STU1970,Medicine,300,First,7,64.86,67.77,-2.91,2.85,0,4.0,100.0,68.0,4.38,Good
STU1971,Engineering,100,First,6,55.33,56.59,-1.26,2.29,0,3.0,100.0,56.38,4.76,Good
STU1972,Computer Science,200,Second,5,79.0,78.08,0.92,8.6,0,4.71,100.0,87.95,3.52,Excellent
STU1973,Law,100,First,6,77.83,80.08,-2.25,5.96,0,5.0,100.0,89.6,4.86,Excellent
STU1974,Arts,200,Second,5,43.6,41.15,2.45,9.67,2,1.69,60.0,84.92,2.62,At-Risk
STU1975,Arts,100,Second,6,36.17,42.14,-5.97,4.52,5,0.18,16.67,72.52,0.7,At-Risk
STU1976,Computer Science,300,Second,5,66.4,69.39,-2.99,10.97,0,4.0,100.0,93.28,4.74,Good
STU1977,Business,400,First,5,55.4,51.94,3.46,5.71,0,3.0,100.0,78.48,5.07,Good
STU1978,Business,300,Second,4,25.0,25.18,-0.18,5.39,4,0.0,0.0,79.57,5.14,At-Risk
STU1979,Arts,400,Second,7,26.86,26.36,0.5,10.71,6,0.1,14.29,84.5,1.27,At-Risk
STU1980,Engineering,100,First,4,82.75,81.68,1.07,4.76,0,5.0,100.0,100.0,4.99,Excellent
STU1981,Law,400,Second,4,54.0,61.36,-7.36,7.68,0,2.86,100.0,84.25,4.4,Average
STU1982,Computer Science,200,First,5,73.2,70.45,2.75,5.81,0,4.87,100.0,72.01,6.94,Excellent
STU1983,Engineering,400,First,6,55.0,51.89,3.11,7.46,0,3.06,100.0,63.83,4.3,Good
STU1984,Computer Science,300,Second,5,45.2,42.93,2.27,8.86,2,1.5,60.0,84.69,1.56,Average
STU1985,Business,400,Second,5,47.4,56.79,-9.39,10.21,1,1.5,80.0,75.9,2.66,Average
STU1986,Business,400,First,4,58.25,59.11,-0.86,11.21,0,3.42,100.0,60.15,1.68,Good
STU1987,Engineering,200,First,4,65.75,57.03,8.72,7.5,0,4.25,100.0,83.06,3.14,Good
STU1988,Computer Science,100,First,7,74.43,75.45,-1.02,7.48,0,4.57,100.0,56.97,6.35,Excellent
STU1989,Arts,300,First,4,68.5,77.83,-9.33,7.02,0,4.23,100.0,71.4,2.24,Excellent
STU1990,Computer Science,100,First,5,36.8,39.08,-2.28,6.85,3,0.43,40.0,71.11,0.4,At-Risk
STU1991,Medicine,400,Second,7,72.14,81.01,-8.87,6.15,0,4.53,100.0,83.68,6.57,Excellent
STU1992,Medicine,200,First,5,76.6,77.04,-0.44,6.34,0,4.75,100.0,71.69,4.74,Excellent
STU1993,Medicine,100,Second,5,71.0,73.4,-2.4,6.96,0,4.29,100.0,78.19,4.02,Excellent
STU1994,Medicine,100,Second,6,52.5,53.29,-0.79,9.69,1,2.57,83.33,72.7,3.32,Average
STU1995,Engineering,400,First,4,62.75,62.17,0.58,3.49,0,3.85,100.0,69.99,2.0,Good
STU1996,Business,100,Second,7,53.14,54.83,-1.69,8.24,0,2.62,100.0,67.73,3.12,Average
STU1997,Business,100,Second,5,83.0,82.98,0.02,4.43,0,5.0,100.0,74.18,4.46,Excellent
STU1998,Engineering,300,Second,6,65.83,66.46,-0.63,5.11,0,4.0,100.0,100.0,2.99,Good
STU1999,Engineering,100,Second,5,73.2,71.12,2.08,7.86,0,4.6,100.0,85.85,2.76,Excellent
STU2000,Medicine,100,Second,7,80.43,84.7,-4.27,2.82,0,5.0,100.0,95.43,5.32,Excellent
